CICLO,CP,LOJA,REGIONAL,UF,CANAL,SKU,PRODUTO,UN DO MATERIAL,CATEGORIA,SUB CATEGORIA,CAMPANHA,MARCA,COLABORE,VOLUME PEDIDO SUGESTÃO,VOLUME PEDIDO COLOCADO,GIRO (%),VOLUME PEDIDO FATURADO,LOCAL
Ciclo 13 - 2026,10258 - CP ALCINA MARIA,24668,Regional NE-S,AL,LOJA,48696,LILY DES ANTIT AEROSSOL 75g V9,BOT,DESODORANTES,DESODORANTE FEMININO,BOLETO TURBINADO BOT C13'26,ESSENCE,Não,8,11,9.09%,11,INTERIOR
Ciclo 13 - 2026,10258 - CP ALCINA MARIA,24303,Regional NE-S,AL,LOJA,48696,LILY DES ANTIT AEROSSOL 75g V9,BOT,DESODORANTES,DESODORANTE FEMININO,BOLETO TURBINADO BOT C13'26,ESSENCE,Não,3,3,166.67%,3,INTERIOR
Ciclo 13 - 2026,10258 - CP ALCINA MARIA,24669,Regional NE-S,AL,LOJA,48696,LILY DES ANTIT AEROSSOL 75g V9,BOT,DESODORANTES,DESODORANTE FEMININO,BOLETO TURBINADO BOT C13'26,ESSENCE,Não,6,6,16.67%,6,INTERIOR
Ciclo 13 - 2026,10258 - CP ALCINA MARIA,24617,Regional NE-S,AL,LOJA,48696,LILY DES ANTIT AEROSSOL 75g V9,BOT,DESODORANTES,DESODORANTE FEMININO,BOLETO TURBINADO BOT C13'26,ESSENCE,Não,3,4,25.00%,4,INTERIOR
Ciclo 13 - 2026,10258 - CP ALCINA MARIA,24670,Regional NE-S,AL,LOJA,48696,LILY DES ANTIT AEROSSOL 75g V9,BOT,DESODORANTES,DESODORANTE FEMININO,BOLETO TURBINADO BOT C13'26,ESSENCE,Não,7,10,20.00%,10,INTERIOR
Ciclo 13 - 2026,10258 - CP ALCINA MARIA,24671,Regional NE-S,AL,LOJA,48696,LILY DES ANTIT AEROSSOL 75g V9,BOT,DESODORANTES,DESODORANTE FEMININO,BOLETO TURBINADO BOT C13'26,ESSENCE,Não,6,10,60.00%,10,INTERIOR
Ciclo 13 - 2026,10258 - CP ALCINA MARIA,24671,Regional NE-S,AL,LOJA,49025,FLORATTA DES BDY SPR ROSE 100ml V8,BOT,DESODORANTES,DESODORANTE FEMININO,BOLETO TURBINADO BOT C13'26,FLORATTA,Não,34,35,11.43%,35,INTERIOR
Ciclo 13 - 2026,10258 - CP ALCINA MARIA,24617,Regional NE-S,AL,LOJA,49025,FLORATTA DES BDY SPR ROSE 100ml V8,BOT,DESODORANTES,DESODORANTE FEMININO,BOLETO TURBINADO BOT C13'26,FLORATTA,Não,3,5,40.00%,5,INTERIOR
Ciclo 13 - 2026,10258 - CP ALCINA MARIA,24303,Regional NE-S,AL,LOJA,49025,FLORATTA DES BDY SPR ROSE 100ml V8,BOT,DESODORANTES,DESODORANTE FEMININO,BOLETO TURBINADO BOT C13'26,FLORATTA,Não,3,0,0.00%,0,INTERIOR
Ciclo 13 - 2026,10258 - CP ALCINA MARIA,24669,Regional NE-S,AL,LOJA,49025,FLORATTA DES BDY SPR ROSE 100ml V8,BOT,DESODORANTES,DESODORANTE FEMININO,BOLETO TURBINADO BOT C13'26,FLORATTA,Não,30,30,13.33%,30,INTERIOR
Ciclo 13 - 2026,10258 - CP ALCINA MARIA,24670,Regional NE-S,AL,LOJA,49025,FLORATTA DES BDY SPR ROSE 100ml V8,BOT,DESODORANTES,DESODORANTE FEMININO,BOLETO TURBINADO BOT C13'26,FLORATTA,Não,37,40,17.50%,40,INTERIOR
Ciclo 13 - 2026,10258 - CP ALCINA MARIA,24668,Regional NE-S,AL,LOJA,49025,FLORATTA DES BDY SPR ROSE 100ml V8,BOT,DESODORANTES,DESODORANTE FEMININO,BOLETO TURBINADO BOT C13'26,FLORATTA,Não,56,45,11.11%,45,INTERIOR
Ciclo 13 - 2026,10258 - CP ALCINA MARIA,24303,Regional NE-S,AL,LOJA,49362,MALBEC DES ANTIT AER 75g/125ml V10,BOT,DESODORANTES,DESODORANTE MASCULINO,BOLETO TURBINADO BOT C13'26,MALBEC,Não,3,3,33.33%,3,INTERIOR
Ciclo 13 - 2026,10258 - CP ALCINA MARIA,24617,Regional NE-S,AL,LOJA,49362,MALBEC DES ANTIT AER 75g/125ml V10,BOT,DESODORANTES,DESODORANTE MASCULINO,BOLETO TURBINADO BOT C13'26,MALBEC,Não,3,0,0.00%,0,INTERIOR
Ciclo 13 - 2026,10258 - CP ALCINA MARIA,24668,Regional NE-S,AL,LOJA,49362,MALBEC DES ANTIT AER 75g/125ml V10,BOT,DESODORANTES,DESODORANTE MASCULINO,BOLETO TURBINADO BOT C13'26,MALBEC,Não,11,21,33.33%,21,INTERIOR
Ciclo 13 - 2026,10258 - CP ALCINA MARIA,24669,Regional NE-S,AL,LOJA,49362,MALBEC DES ANTIT AER 75g/125ml V10,BOT,DESODORANTES,DESODORANTE MASCULINO,BOLETO TURBINADO BOT C13'26,MALBEC,Não,6,3,33.33%,3,INTERIOR
Ciclo 13 - 2026,10258 - CP ALCINA MARIA,24670,Regional NE-S,AL,LOJA,49362,MALBEC DES ANTIT AER 75g/125ml V10,BOT,DESODORANTES,DESODORANTE MASCULINO,BOLETO TURBINADO BOT C13'26,MALBEC,Não,7,6,33.33%,6,INTERIOR
Ciclo 13 - 2026,10258 - CP ALCINA MARIA,24671,Regional NE-S,AL,LOJA,49362,MALBEC DES ANTIT AER 75g/125ml V10,BOT,DESODORANTES,DESODORANTE MASCULINO,BOLETO TURBINADO BOT C13'26,MALBEC,Não,7,7,14.29%,7,INTERIOR
Ciclo 13 - 2026,10258 - CP ALCINA MARIA,24671,Regional NE-S,AL,LOJA,49896,CBEM LOC DES HID CPO ROS/ALG V3 200ml,BOT,CUIDADOS COM A PELE,CUIDADOS COM O CORPO,BOLETO TURBINADO BOT C13'26,CUIDE-SE BEM,Não,16,0,0.00%,0,INTERIOR
Ciclo 13 - 2026,10258 - CP ALCINA MARIA,24303,Regional NE-S,AL,LOJA,49896,CBEM LOC DES HID CPO ROS/ALG V3 200ml,BOT,CUIDADOS COM A PELE,CUIDADOS COM O CORPO,BOLETO TURBINADO BOT C13'26,CUIDE-SE BEM,Não,3,0,0.00%,0,INTERIOR
Ciclo 13 - 2026,10258 - CP ALCINA MARIA,24668,Regional NE-S,AL,LOJA,49896,CBEM LOC DES HID CPO ROS/ALG V3 200ml,BOT,CUIDADOS COM A PELE,CUIDADOS COM O CORPO,BOLETO TURBINADO BOT C13'26,CUIDE-SE BEM,Não,30,0,0.00%,0,INTERIOR
Ciclo 13 - 2026,10258 - CP ALCINA MARIA,24617,Regional NE-S,AL,LOJA,49896,CBEM LOC DES HID CPO ROS/ALG V3 200ml,BOT,CUIDADOS COM A PELE,CUIDADOS COM O CORPO,BOLETO TURBINADO BOT C13'26,CUIDE-SE BEM,Não,3,0,0.00%,0,INTERIOR
Ciclo 13 - 2026,10258 - CP ALCINA MARIA,24669,Regional NE-S,AL,LOJA,49896,CBEM LOC DES HID CPO ROS/ALG V3 200ml,BOT,CUIDADOS COM A PELE,CUIDADOS COM O CORPO,BOLETO TURBINADO BOT C13'26,CUIDE-SE BEM,Não,18,0,0.00%,0,INTERIOR
Ciclo 13 - 2026,10258 - CP ALCINA MARIA,24670,Regional NE-S,AL,LOJA,49896,CBEM LOC DES HID CPO ROS/ALG V3 200ml,BOT,CUIDADOS COM A PELE,CUIDADOS COM O CORPO,BOLETO TURBINADO BOT C13'26,CUIDE-SE BEM,Não,15,0,0.00%,0,INTERIOR
Ciclo 13 - 2026,10258 - CP ALCINA MARIA,24617,Regional NE-S,AL,LOJA,50018,BOTI SUN PR FAC ANT ACQ/F FPS30 10ml PRM,BOT,SUPORTE À VENDA,PRM,BOLETO PROMOCIONAL BOT C13'26,BOTI SUN,Não,15,0,0.00%,0,INTERIOR
Ciclo 13 - 2026,10258 - CP ALCINA MARIA,24668,Regional NE-S,AL,LOJA,50018,BOTI SUN PR FAC ANT ACQ/F FPS30 10ml PRM,BOT,SUPORTE À VENDA,PRM,BOLETO PROMOCIONAL BOT C13'26,BOTI SUN,Não,69,0,0.00%,0,INTERIOR
Ciclo 13 - 2026,10258 - CP ALCINA MARIA,24671,Regional NE-S,AL,LOJA,50018,BOTI SUN PR FAC ANT ACQ/F FPS30 10ml PRM,BOT,SUPORTE À VENDA,PRM,BOLETO PROMOCIONAL BOT C13'26,BOTI SUN,Não,44,0,0.00%,0,INTERIOR
Ciclo 13 - 2026,10258 - CP ALCINA MARIA,24669,Regional NE-S,AL,LOJA,50018,BOTI SUN PR FAC ANT ACQ/F FPS30 10ml PRM,BOT,SUPORTE À VENDA,PRM,BOLETO PROMOCIONAL BOT C13'26,BOTI SUN,Não,54,0,0.00%,0,INTERIOR
Ciclo 13 - 2026,10258 - CP ALCINA MARIA,24670,Regional NE-S,AL,LOJA,50018,BOTI SUN PR FAC ANT ACQ/F FPS30 10ml PRM,BOT,SUPORTE À VENDA,PRM,BOLETO PROMOCIONAL BOT C13'26,BOTI SUN,Não,44,0,0.00%,0,INTERIOR
Ciclo 13 - 2026,10258 - CP ALCINA MARIA,24303,Regional NE-S,AL,LOJA,50018,BOTI SUN PR FAC ANT ACQ/F FPS30 10ml PRM,BOT,SUPORTE À VENDA,PRM,BOLETO PROMOCIONAL BOT C13'26,BOTI SUN,Não,36,0,0.00%,0,INTERIOR
Ciclo 13 - 2026,10258 - CP ALCINA MARIA,24670,Regional NE-S,AL,LOJA,50398,CJ SCH BOTI SUN P/S F/CP FPS50 U/FL 2x5g,BOT,SUPORTE À VENDA,AMOSTRA,CALÇADA PERFUMADA BOT C13'26,BOTI SUN,Não,28,28,0.00%,28,INTERIOR
Ciclo 13 - 2026,10258 - CP ALCINA MARIA,24669,Regional NE-S,AL,LOJA,50398,CJ SCH BOTI SUN P/S F/CP FPS50 U/FL 2x5g,BOT,SUPORTE À VENDA,AMOSTRA,CALÇADA PERFUMADA BOT C13'26,BOTI SUN,Não,32,32,0.00%,32,INTERIOR
Ciclo 13 - 2026,10258 - CP ALCINA MARIA,24668,Regional NE-S,AL,LOJA,50398,CJ SCH BOTI SUN P/S F/CP FPS50 U/FL 2x5g,BOT,SUPORTE À VENDA,AMOSTRA,CALÇADA PERFUMADA BOT C13'26,BOTI SUN,Não,36,36,0.00%,36,INTERIOR
Ciclo 13 - 2026,10258 - CP ALCINA MARIA,24617,Regional NE-S,AL,LOJA,50398,CJ SCH BOTI SUN P/S F/CP FPS50 U/FL 2x5g,BOT,SUPORTE À VENDA,AMOSTRA,CALÇADA PERFUMADA BOT C13'26,BOTI SUN,Não,3,15,0.00%,15,INTERIOR
Ciclo 13 - 2026,10258 - CP ALCINA MARIA,24303,Regional NE-S,AL,LOJA,50398,CJ SCH BOTI SUN P/S F/CP FPS50 U/FL 2x5g,BOT,SUPORTE À VENDA,AMOSTRA,CALÇADA PERFUMADA BOT C13'26,BOTI SUN,Não,7,10,0.00%,10,INTERIOR
Ciclo 13 - 2026,10258 - CP ALCINA MARIA,24671,Regional NE-S,AL,LOJA,50398,CJ SCH BOTI SUN P/S F/CP FPS50 U/FL 2x5g,BOT,SUPORTE À VENDA,AMOSTRA,CALÇADA PERFUMADA BOT C13'26,BOTI SUN,Não,20,28,0.00%,28,INTERIOR
Ciclo 13 - 2026,10258 - CP ALCINA MARIA,24303,Regional NE-S,AL,LOJA,51165,CBEM SAB BARRA ROSA/ALGODAO 4x80g,BOT,SABONETE CORPO,CORPO,BOLETO TURBINADO BOT C13'26,CUIDE-SE BEM,Não,3,5,240.00%,5,INTERIOR
Ciclo 13 - 2026,10258 - CP ALCINA MARIA,24617,Regional NE-S,AL,LOJA,51165,CBEM SAB BARRA ROSA/ALGODAO 4x80g,BOT,SABONETE CORPO,CORPO,BOLETO TURBINADO BOT C13'26,CUIDE-SE BEM,Não,3,3,33.33%,3,INTERIOR
Ciclo 13 - 2026,10258 - CP ALCINA MARIA,24671,Regional NE-S,AL,LOJA,51165,CBEM SAB BARRA ROSA/ALGODAO 4x80g,BOT,SABONETE CORPO,CORPO,BOLETO TURBINADO BOT C13'26,CUIDE-SE BEM,Não,41,0,0.00%,0,INTERIOR
Ciclo 13 - 2026,10258 - CP ALCINA MARIA,24668,Regional NE-S,AL,LOJA,51165,CBEM SAB BARRA ROSA/ALGODAO 4x80g,BOT,SABONETE CORPO,CORPO,BOLETO TURBINADO BOT C13'26,CUIDE-SE BEM,Não,77,0,0.00%,0,INTERIOR
Ciclo 13 - 2026,10258 - CP ALCINA MARIA,24670,Regional NE-S,AL,LOJA,51165,CBEM SAB BARRA ROSA/ALGODAO 4x80g,BOT,SABONETE CORPO,CORPO,BOLETO TURBINADO BOT C13'26,CUIDE-SE BEM,Não,39,0,0.00%,0,INTERIOR
Ciclo 13 - 2026,10258 - CP ALCINA MARIA,24669,Regional NE-S,AL,LOJA,51165,CBEM SAB BARRA ROSA/ALGODAO 4x80g,BOT,SABONETE CORPO,CORPO,BOLETO TURBINADO BOT C13'26,CUIDE-SE BEM,Não,46,0,0.00%,0,INTERIOR
Ciclo 13 - 2026,10258 - CP ALCINA MARIA,24303,Regional NE-S,AL,LOJA,51231,CBEM SAB BARRA CEREJA LIVRE V2 2x80g,BOT,SABONETE CORPO,CORPO,BOLETO PROMOCIONAL BOT C13'26,CUIDE-SE BEM,Não,39,0,0.00%,0,INTERIOR
Ciclo 13 - 2026,10258 - CP ALCINA MARIA,24671,Regional NE-S,AL,LOJA,51231,CBEM SAB BARRA CEREJA LIVRE V2 2x80g,BOT,SABONETE CORPO,CORPO,BOLETO PROMOCIONAL BOT C13'26,CUIDE-SE BEM,Não,45,0,0.00%,0,INTERIOR
Ciclo 13 - 2026,10258 - CP ALCINA MARIA,24617,Regional NE-S,AL,LOJA,51231,CBEM SAB BARRA CEREJA LIVRE V2 2x80g,BOT,SABONETE CORPO,CORPO,BOLETO PROMOCIONAL BOT C13'26,CUIDE-SE BEM,Não,14,14,35.71%,14,INTERIOR
Ciclo 13 - 2026,10258 - CP ALCINA MARIA,24670,Regional NE-S,AL,LOJA,51231,CBEM SAB BARRA CEREJA LIVRE V2 2x80g,BOT,SABONETE CORPO,CORPO,BOLETO PROMOCIONAL BOT C13'26,CUIDE-SE BEM,Não,42,0,0.00%,0,INTERIOR
Ciclo 13 - 2026,10258 - CP ALCINA MARIA,24668,Regional NE-S,AL,LOJA,51231,CBEM SAB BARRA CEREJA LIVRE V2 2x80g,BOT,SABONETE CORPO,CORPO,BOLETO PROMOCIONAL BOT C13'26,CUIDE-SE BEM,Não,70,10,60.00%,10,INTERIOR
Ciclo 13 - 2026,10258 - CP ALCINA MARIA,24669,Regional NE-S,AL,LOJA,51231,CBEM SAB BARRA CEREJA LIVRE V2 2x80g,BOT,SABONETE CORPO,CORPO,BOLETO PROMOCIONAL BOT C13'26,CUIDE-SE BEM,Não,49,0,0.00%,0,INTERIOR
Ciclo 13 - 2026,10258 - CP ALCINA MARIA,24670,Regional NE-S,AL,LOJA,52638,MAKE B MASC CILIO 4K PANORAMIC 10g V2,BOT,MAQUIAGEM,MAQUIAGEM OLHOS,DATAS IGUAIS,MAKE B.,Não,4,7,0.00%,7,INTERIOR
Ciclo 13 - 2026,10258 - CP ALCINA MARIA,24671,Regional NE-S,AL,LOJA,52638,MAKE B MASC CILIO 4K PANORAMIC 10g V2,BOT,MAQUIAGEM,MAQUIAGEM OLHOS,DATAS IGUAIS,MAKE B.,Não,3,7,14.29%,7,INTERIOR
Ciclo 13 - 2026,10258 - CP ALCINA MARIA,24303,Regional NE-S,AL,LOJA,52638,MAKE B MASC CILIO 4K PANORAMIC 10g V2,BOT,MAQUIAGEM,MAQUIAGEM OLHOS,DATAS IGUAIS,MAKE B.,Não,3,8,12.50%,8,INTERIOR
Ciclo 13 - 2026,10258 - CP ALCINA MARIA,24669,Regional NE-S,AL,LOJA,52638,MAKE B MASC CILIO 4K PANORAMIC 10g V2,BOT,MAQUIAGEM,MAQUIAGEM OLHOS,DATAS IGUAIS,MAKE B.,Não,5,9,0.00%,9,INTERIOR
Ciclo 13 - 2026,10258 - CP ALCINA MARIA,24617,Regional NE-S,AL,LOJA,52638,MAKE B MASC CILIO 4K PANORAMIC 10g V2,BOT,MAQUIAGEM,MAQUIAGEM OLHOS,DATAS IGUAIS,MAKE B.,Não,3,5,0.00%,5,INTERIOR
Ciclo 13 - 2026,10258 - CP ALCINA MARIA,24668,Regional NE-S,AL,LOJA,52638,MAKE B MASC CILIO 4K PANORAMIC 10g V2,BOT,MAQUIAGEM,MAQUIAGEM OLHOS,DATAS IGUAIS,MAKE B.,Não,4,7,14.29%,7,INTERIOR
Ciclo 13 - 2026,10258 - CP ALCINA MARIA,24671,Regional NE-S,AL,LOJA,52639,ESTJ FLORATTA ROSE REG/21 V2,BOT,GIFTS,ESTOJO REGULAR,DIAS DE PRESENTE_C13'26,FLORATTA,Não,3,0,0.00%,0,INTERIOR
Ciclo 13 - 2026,10258 - CP ALCINA MARIA,24303,Regional NE-S,AL,LOJA,52639,ESTJ FLORATTA ROSE REG/21 V2,BOT,GIFTS,ESTOJO REGULAR,DIAS DE PRESENTE_C13'26,FLORATTA,Não,3,0,0.00%,0,INTERIOR
Ciclo 13 - 2026,10258 - CP ALCINA MARIA,24669,Regional NE-S,AL,LOJA,52639,ESTJ FLORATTA ROSE REG/21 V2,BOT,GIFTS,ESTOJO REGULAR,DIAS DE PRESENTE_C13'26,FLORATTA,Não,3,1,100.00%,1,INTERIOR
Ciclo 13 - 2026,10258 - CP ALCINA MARIA,24670,Regional NE-S,AL,LOJA,52639,ESTJ FLORATTA ROSE REG/21 V2,BOT,GIFTS,ESTOJO REGULAR,DIAS DE PRESENTE_C13'26,FLORATTA,Não,3,0,0.00%,0,INTERIOR
Ciclo 13 - 2026,10258 - CP ALCINA MARIA,24617,Regional NE-S,AL,LOJA,52639,ESTJ FLORATTA ROSE REG/21 V2,BOT,GIFTS,ESTOJO REGULAR,DIAS DE PRESENTE_C13'26,FLORATTA,Não,3,1,0.00%,1,INTERIOR
Ciclo 13 - 2026,10258 - CP ALCINA MARIA,24668,Regional NE-S,AL,LOJA,52639,ESTJ FLORATTA ROSE REG/21 V2,BOT,GIFTS,ESTOJO REGULAR,DIAS DE PRESENTE_C13'26,FLORATTA,Não,3,0,0.00%,0,INTERIOR
Ciclo 13 - 2026,10258 - CP ALCINA MARIA,24617,Regional NE-S,AL,LOJA,53847,MAKE B PINCEL OLHOS DUPLO PS,BOT,ACESSÓRIOS,PINCÉIS,BOLETO PROMOCIONAL BOT C13'26,MAKE B.,Não,3,3,0.00%,3,INTERIOR
Ciclo 13 - 2026,10258 - CP ALCINA MARIA,24303,Regional NE-S,AL,LOJA,53847,MAKE B PINCEL OLHOS DUPLO PS,BOT,ACESSÓRIOS,PINCÉIS,BOLETO PROMOCIONAL BOT C13'26,MAKE B.,Não,3,3,33.33%,3,INTERIOR
Ciclo 13 - 2026,10258 - CP ALCINA MARIA,24670,Regional NE-S,AL,LOJA,53847,MAKE B PINCEL OLHOS DUPLO PS,BOT,ACESSÓRIOS,PINCÉIS,BOLETO PROMOCIONAL BOT C13'26,MAKE B.,Não,5,5,0.00%,5,INTERIOR
Ciclo 13 - 2026,10258 - CP ALCINA MARIA,24671,Regional NE-S,AL,LOJA,53847,MAKE B PINCEL OLHOS DUPLO PS,BOT,ACESSÓRIOS,PINCÉIS,BOLETO PROMOCIONAL BOT C13'26,MAKE B.,Não,5,5,0.00%,5,INTERIOR
Ciclo 13 - 2026,10258 - CP ALCINA MARIA,24669,Regional NE-S,AL,LOJA,53847,MAKE B PINCEL OLHOS DUPLO PS,BOT,ACESSÓRIOS,PINCÉIS,BOLETO PROMOCIONAL BOT C13'26,MAKE B.,Não,8,8,0.00%,8,INTERIOR
Ciclo 13 - 2026,10258 - CP ALCINA MARIA,24668,Regional NE-S,AL,LOJA,53847,MAKE B PINCEL OLHOS DUPLO PS,BOT,ACESSÓRIOS,PINCÉIS,BOLETO PROMOCIONAL BOT C13'26,MAKE B.,Não,8,8,0.00%,8,INTERIOR
Ciclo 13 - 2026,10258 - CP ALCINA MARIA,24303,Regional NE-S,AL,LOJA,53910,MAKE B PINCEL P/BASE ABS,BOT,ACESSÓRIOS,PINCÉIS,BOLETO PROMOCIONAL BOT C13'26,MAKE B.,Não,3,3,0.00%,3,INTERIOR
Ciclo 13 - 2026,10258 - CP ALCINA MARIA,24617,Regional NE-S,AL,LOJA,53910,MAKE B PINCEL P/BASE ABS,BOT,ACESSÓRIOS,PINCÉIS,BOLETO PROMOCIONAL BOT C13'26,MAKE B.,Não,3,3,33.33%,3,INTERIOR
Ciclo 13 - 2026,10258 - CP ALCINA MARIA,24669,Regional NE-S,AL,LOJA,53910,MAKE B PINCEL P/BASE ABS,BOT,ACESSÓRIOS,PINCÉIS,BOLETO PROMOCIONAL BOT C13'26,MAKE B.,Não,3,3,33.33%,3,INTERIOR
Ciclo 13 - 2026,10258 - CP ALCINA MARIA,24671,Regional NE-S,AL,LOJA,53910,MAKE B PINCEL P/BASE ABS,BOT,ACESSÓRIOS,PINCÉIS,BOLETO PROMOCIONAL BOT C13'26,MAKE B.,Não,3,3,0.00%,3,INTERIOR
Ciclo 13 - 2026,10258 - CP ALCINA MARIA,24668,Regional NE-S,AL,LOJA,53910,MAKE B PINCEL P/BASE ABS,BOT,ACESSÓRIOS,PINCÉIS,BOLETO PROMOCIONAL BOT C13'26,MAKE B.,Não,3,3,0.00%,3,INTERIOR
Ciclo 13 - 2026,10258 - CP ALCINA MARIA,24670,Regional NE-S,AL,LOJA,53910,MAKE B PINCEL P/BASE ABS,BOT,ACESSÓRIOS,PINCÉIS,BOLETO PROMOCIONAL BOT C13'26,MAKE B.,Não,3,3,0.00%,3,INTERIOR
Ciclo 13 - 2026,10258 - CP ALCINA MARIA,24670,Regional NE-S,AL,LOJA,53936,MAKE B PINCEL P/BASE FIBRAS DUPLAS ABS,BOT,ACESSÓRIOS,PINCÉIS,BOLETO PROMOCIONAL BOT C13'26,MAKE B.,Não,3,3,0.00%,3,INTERIOR
Ciclo 13 - 2026,10258 - CP ALCINA MARIA,24669,Regional NE-S,AL,LOJA,53936,MAKE B PINCEL P/BASE FIBRAS DUPLAS ABS,BOT,ACESSÓRIOS,PINCÉIS,BOLETO PROMOCIONAL BOT C13'26,MAKE B.,Não,3,3,0.00%,3,INTERIOR
Ciclo 13 - 2026,10258 - CP ALCINA MARIA,24671,Regional NE-S,AL,LOJA,53936,MAKE B PINCEL P/BASE FIBRAS DUPLAS ABS,BOT,ACESSÓRIOS,PINCÉIS,BOLETO PROMOCIONAL BOT C13'26,MAKE B.,Não,3,3,0.00%,3,INTERIOR
Ciclo 13 - 2026,10258 - CP ALCINA MARIA,24303,Regional NE-S,AL,LOJA,53936,MAKE B PINCEL P/BASE FIBRAS DUPLAS ABS,BOT,ACESSÓRIOS,PINCÉIS,BOLETO PROMOCIONAL BOT C13'26,MAKE B.,Não,3,3,0.00%,1,INTERIOR
Ciclo 13 - 2026,10258 - CP ALCINA MARIA,24668,Regional NE-S,AL,LOJA,53936,MAKE B PINCEL P/BASE FIBRAS DUPLAS ABS,BOT,ACESSÓRIOS,PINCÉIS,BOLETO PROMOCIONAL BOT C13'26,MAKE B.,Não,3,3,66.67%,3,INTERIOR
Ciclo 13 - 2026,10258 - CP ALCINA MARIA,24617,Regional NE-S,AL,LOJA,53936,MAKE B PINCEL P/BASE FIBRAS DUPLAS ABS,BOT,ACESSÓRIOS,PINCÉIS,BOLETO PROMOCIONAL BOT C13'26,MAKE B.,Não,3,3,0.00%,1,INTERIOR
Ciclo 13 - 2026,10258 - CP ALCINA MARIA,24617,Regional NE-S,AL,LOJA,55984,"MAKE B BAT ST/PREN HYAL CAND TOF V3 3,4g",BOT,MAQUIAGEM,MAQUIAGEM BOCA,BOLETO TURBINADO BOT C13'26,MAKE B.,Não,3,0,0.00%,0,INTERIOR
Ciclo 13 - 2026,10258 - CP ALCINA MARIA,24668,Regional NE-S,AL,LOJA,55984,"MAKE B BAT ST/PREN HYAL CAND TOF V3 3,4g",BOT,MAQUIAGEM,MAQUIAGEM BOCA,BOLETO TURBINADO BOT C13'26,MAKE B.,Não,3,0,0.00%,0,INTERIOR
Ciclo 13 - 2026,10258 - CP ALCINA MARIA,24303,Regional NE-S,AL,LOJA,55984,"MAKE B BAT ST/PREN HYAL CAND TOF V3 3,4g",BOT,MAQUIAGEM,MAQUIAGEM BOCA,BOLETO TURBINADO BOT C13'26,MAKE B.,Não,3,3,0.00%,3,INTERIOR
Ciclo 13 - 2026,10258 - CP ALCINA MARIA,24669,Regional NE-S,AL,LOJA,55984,"MAKE B BAT ST/PREN HYAL CAND TOF V3 3,4g",BOT,MAQUIAGEM,MAQUIAGEM BOCA,BOLETO TURBINADO BOT C13'26,MAKE B.,Não,3,0,0.00%,0,INTERIOR
Ciclo 13 - 2026,10258 - CP ALCINA MARIA,24670,Regional NE-S,AL,LOJA,55984,"MAKE B BAT ST/PREN HYAL CAND TOF V3 3,4g",BOT,MAQUIAGEM,MAQUIAGEM BOCA,BOLETO TURBINADO BOT C13'26,MAKE B.,Não,3,0,0.00%,0,INTERIOR
Ciclo 13 - 2026,10258 - CP ALCINA MARIA,24671,Regional NE-S,AL,LOJA,55984,"MAKE B BAT ST/PREN HYAL CAND TOF V3 3,4g",BOT,MAQUIAGEM,MAQUIAGEM BOCA,BOLETO TURBINADO BOT C13'26,MAKE B.,Não,3,0,0.00%,0,INTERIOR
Ciclo 13 - 2026,10258 - CP ALCINA MARIA,24668,Regional NE-S,AL,LOJA,56141,ESTJ LILY LEAU DE MAES/24,BOT,GIFTS,ESTOJO ED LIMITADA,DIAS DE PRESENTE_C13'26,ESSENCE,Não,3,0,0.00%,0,INTERIOR
Ciclo 13 - 2026,10258 - CP ALCINA MARIA,24670,Regional NE-S,AL,LOJA,56141,ESTJ LILY LEAU DE MAES/24,BOT,GIFTS,ESTOJO ED LIMITADA,DIAS DE PRESENTE_C13'26,ESSENCE,Não,3,0,0.00%,0,INTERIOR
Ciclo 13 - 2026,10258 - CP ALCINA MARIA,24617,Regional NE-S,AL,LOJA,56141,ESTJ LILY LEAU DE MAES/24,BOT,GIFTS,ESTOJO ED LIMITADA,DIAS DE PRESENTE_C13'26,ESSENCE,Não,3,0,0.00%,0,INTERIOR
Ciclo 13 - 2026,10258 - CP ALCINA MARIA,24671,Regional NE-S,AL,LOJA,56141,ESTJ LILY LEAU DE MAES/24,BOT,GIFTS,ESTOJO ED LIMITADA,DIAS DE PRESENTE_C13'26,ESSENCE,Não,3,0,0.00%,0,INTERIOR
Ciclo 13 - 2026,10258 - CP ALCINA MARIA,24669,Regional NE-S,AL,LOJA,56141,ESTJ LILY LEAU DE MAES/24,BOT,GIFTS,ESTOJO ED LIMITADA,DIAS DE PRESENTE_C13'26,ESSENCE,Não,3,0,0.00%,0,INTERIOR
Ciclo 13 - 2026,10258 - CP ALCINA MARIA,24303,Regional NE-S,AL,LOJA,56141,ESTJ LILY LEAU DE MAES/24,BOT,GIFTS,ESTOJO ED LIMITADA,DIAS DE PRESENTE_C13'26,ESSENCE,Não,3,0,0.00%,0,INTERIOR
Ciclo 13 - 2026,10258 - CP ALCINA MARIA,24669,Regional NE-S,AL,LOJA,57077,FLORATTA SHOWER GEL CPO BLUE V2 75g,BOT,SABONETE CORPO,MULTIFUNCIONAL,DATAS IGUAIS,FLORATTA,Não,5,5,0.00%,5,INTERIOR
Ciclo 13 - 2026,10258 - CP ALCINA MARIA,24668,Regional NE-S,AL,LOJA,57077,FLORATTA SHOWER GEL CPO BLUE V2 75g,BOT,SABONETE CORPO,MULTIFUNCIONAL,DATAS IGUAIS,FLORATTA,Não,5,5,20.00%,5,INTERIOR
Ciclo 13 - 2026,10258 - CP ALCINA MARIA,24670,Regional NE-S,AL,LOJA,57077,FLORATTA SHOWER GEL CPO BLUE V2 75g,BOT,SABONETE CORPO,MULTIFUNCIONAL,DATAS IGUAIS,FLORATTA,Não,4,4,0.00%,4,INTERIOR
Ciclo 13 - 2026,10258 - CP ALCINA MARIA,24671,Regional NE-S,AL,LOJA,57077,FLORATTA SHOWER GEL CPO BLUE V2 75g,BOT,SABONETE CORPO,MULTIFUNCIONAL,DATAS IGUAIS,FLORATTA,Não,4,4,0.00%,4,INTERIOR
Ciclo 13 - 2026,10258 - CP ALCINA MARIA,24303,Regional NE-S,AL,LOJA,57077,FLORATTA SHOWER GEL CPO BLUE V2 75g,BOT,SABONETE CORPO,MULTIFUNCIONAL,DATAS IGUAIS,FLORATTA,Não,3,2,0.00%,2,INTERIOR
Ciclo 13 - 2026,10258 - CP ALCINA MARIA,24617,Regional NE-S,AL,LOJA,57077,FLORATTA SHOWER GEL CPO BLUE V2 75g,BOT,SABONETE CORPO,MULTIFUNCIONAL,DATAS IGUAIS,FLORATTA,Não,3,5,0.00%,5,INTERIOR
Ciclo 13 - 2026,10258 - CP ALCINA MARIA,24671,Regional NE-S,AL,LOJA,57088,EGEO SHW GEL CAB/CPO BLUE V2 100g,BOT,SABONETE CORPO,MULTIFUNCIONAL,BOLETO TURBINADO BOT C13'26,EGEO,Não,3,3,0.00%,3,INTERIOR
Ciclo 13 - 2026,10258 - CP ALCINA MARIA,24303,Regional NE-S,AL,LOJA,57088,EGEO SHW GEL CAB/CPO BLUE V2 100g,BOT,SABONETE CORPO,MULTIFUNCIONAL,BOLETO TURBINADO BOT C13'26,EGEO,Não,3,1,0.00%,0,INTERIOR
Ciclo 13 - 2026,10258 - CP ALCINA MARIA,24669,Regional NE-S,AL,LOJA,57088,EGEO SHW GEL CAB/CPO BLUE V2 100g,BOT,SABONETE CORPO,MULTIFUNCIONAL,BOLETO TURBINADO BOT C13'26,EGEO,Não,3,2,100.00%,2,INTERIOR
Ciclo 13 - 2026,10258 - CP ALCINA MARIA,24617,Regional NE-S,AL,LOJA,57088,EGEO SHW GEL CAB/CPO BLUE V2 100g,BOT,SABONETE CORPO,MULTIFUNCIONAL,BOLETO TURBINADO BOT C13'26,EGEO,Não,3,3,0.00%,3,INTERIOR
Ciclo 13 - 2026,10258 - CP ALCINA MARIA,24670,Regional NE-S,AL,LOJA,57088,EGEO SHW GEL CAB/CPO BLUE V2 100g,BOT,SABONETE CORPO,MULTIFUNCIONAL,BOLETO TURBINADO BOT C13'26,EGEO,Não,3,1,0.00%,1,INTERIOR
Ciclo 13 - 2026,10258 - CP ALCINA MARIA,24668,Regional NE-S,AL,LOJA,57088,EGEO SHW GEL CAB/CPO BLUE V2 100g,BOT,SABONETE CORPO,MULTIFUNCIONAL,BOLETO TURBINADO BOT C13'26,EGEO,Não,4,0,0.00%,0,INTERIOR
Ciclo 13 - 2026,10258 - CP ALCINA MARIA,24669,Regional NE-S,AL,LOJA,58357,CBEM SAB BARRA PESSEGUR/GOST 4x80g,BOT,SABONETE CORPO,CORPO,BOLETO TURBINADO BOT C13'26,CUIDE-SE BEM,Não,17,17,0.00%,17,INTERIOR
Ciclo 13 - 2026,10258 - CP ALCINA MARIA,24670,Regional NE-S,AL,LOJA,58357,CBEM SAB BARRA PESSEGUR/GOST 4x80g,BOT,SABONETE CORPO,CORPO,BOLETO TURBINADO BOT C13'26,CUIDE-SE BEM,Não,15,15,0.00%,15,INTERIOR
Ciclo 13 - 2026,10258 - CP ALCINA MARIA,24668,Regional NE-S,AL,LOJA,58357,CBEM SAB BARRA PESSEGUR/GOST 4x80g,BOT,SABONETE CORPO,CORPO,BOLETO TURBINADO BOT C13'26,CUIDE-SE BEM,Não,29,29,3.45%,29,INTERIOR
Ciclo 13 - 2026,10258 - CP ALCINA MARIA,24303,Regional NE-S,AL,LOJA,58357,CBEM SAB BARRA PESSEGUR/GOST 4x80g,BOT,SABONETE CORPO,CORPO,BOLETO TURBINADO BOT C13'26,CUIDE-SE BEM,Não,3,3,33.33%,3,INTERIOR
Ciclo 13 - 2026,10258 - CP ALCINA MARIA,24671,Regional NE-S,AL,LOJA,58357,CBEM SAB BARRA PESSEGUR/GOST 4x80g,BOT,SABONETE CORPO,CORPO,BOLETO TURBINADO BOT C13'26,CUIDE-SE BEM,Não,15,15,20.00%,15,INTERIOR
Ciclo 13 - 2026,10258 - CP ALCINA MARIA,24617,Regional NE-S,AL,LOJA,58357,CBEM SAB BARRA PESSEGUR/GOST 4x80g,BOT,SABONETE CORPO,CORPO,BOLETO TURBINADO BOT C13'26,CUIDE-SE BEM,Não,3,3,0.00%,3,INTERIOR
Ciclo 13 - 2026,10258 - CP ALCINA MARIA,24669,Regional NE-S,AL,LOJA,58930,ESTJ MA CHERIE 24,BOT,GIFTS,ESTOJO ED LIMITADA,DIAS DE PRESENTE_C13'26,MA CHERIE,Não,5,2,100.00%,2,INTERIOR
Ciclo 13 - 2026,10258 - CP ALCINA MARIA,24671,Regional NE-S,AL,LOJA,58930,ESTJ MA CHERIE 24,BOT,GIFTS,ESTOJO ED LIMITADA,DIAS DE PRESENTE_C13'26,MA CHERIE,Não,4,2,100.00%,2,INTERIOR
Ciclo 13 - 2026,10258 - CP ALCINA MARIA,24668,Regional NE-S,AL,LOJA,58930,ESTJ MA CHERIE 24,BOT,GIFTS,ESTOJO ED LIMITADA,DIAS DE PRESENTE_C13'26,MA CHERIE,Não,5,0,0.00%,0,INTERIOR
Ciclo 13 - 2026,10258 - CP ALCINA MARIA,24303,Regional NE-S,AL,LOJA,58930,ESTJ MA CHERIE 24,BOT,GIFTS,ESTOJO ED LIMITADA,DIAS DE PRESENTE_C13'26,MA CHERIE,Não,3,0,0.00%,0,INTERIOR
Ciclo 13 - 2026,10258 - CP ALCINA MARIA,24670,Regional NE-S,AL,LOJA,58930,ESTJ MA CHERIE 24,BOT,GIFTS,ESTOJO ED LIMITADA,DIAS DE PRESENTE_C13'26,MA CHERIE,Não,4,2,100.00%,2,INTERIOR
Ciclo 13 - 2026,10258 - CP ALCINA MARIA,24617,Regional NE-S,AL,LOJA,58930,ESTJ MA CHERIE 24,BOT,GIFTS,ESTOJO ED LIMITADA,DIAS DE PRESENTE_C13'26,MA CHERIE,Não,3,2,50.00%,2,INTERIOR
Ciclo 13 - 2026,10258 - CP ALCINA MARIA,24668,Regional NE-S,AL,LOJA,58980,REF NSPA LOC DES HID CP UVA MERLOT 350ml,BOT,CUIDADOS COM A PELE,CUIDADOS COM O CORPO,BOLETO TURBINADO BOT C13'26,NATIVA SPA,Não,7,7,0.00%,7,INTERIOR
Ciclo 13 - 2026,10258 - CP ALCINA MARIA,24670,Regional NE-S,AL,LOJA,58980,REF NSPA LOC DES HID CP UVA MERLOT 350ml,BOT,CUIDADOS COM A PELE,CUIDADOS COM O CORPO,BOLETO TURBINADO BOT C13'26,NATIVA SPA,Não,4,4,0.00%,4,INTERIOR
Ciclo 13 - 2026,10258 - CP ALCINA MARIA,24303,Regional NE-S,AL,LOJA,58980,REF NSPA LOC DES HID CP UVA MERLOT 350ml,BOT,CUIDADOS COM A PELE,CUIDADOS COM O CORPO,BOLETO TURBINADO BOT C13'26,NATIVA SPA,Não,3,0,0.00%,0,INTERIOR
Ciclo 13 - 2026,10258 - CP ALCINA MARIA,24669,Regional NE-S,AL,LOJA,58980,REF NSPA LOC DES HID CP UVA MERLOT 350ml,BOT,CUIDADOS COM A PELE,CUIDADOS COM O CORPO,BOLETO TURBINADO BOT C13'26,NATIVA SPA,Não,4,4,0.00%,4,INTERIOR
Ciclo 13 - 2026,10258 - CP ALCINA MARIA,24617,Regional NE-S,AL,LOJA,58980,REF NSPA LOC DES HID CP UVA MERLOT 350ml,BOT,CUIDADOS COM A PELE,CUIDADOS COM O CORPO,BOLETO TURBINADO BOT C13'26,NATIVA SPA,Não,3,1,0.00%,1,INTERIOR
Ciclo 13 - 2026,10258 - CP ALCINA MARIA,24671,Regional NE-S,AL,LOJA,58980,REF NSPA LOC DES HID CP UVA MERLOT 350ml,BOT,CUIDADOS COM A PELE,CUIDADOS COM O CORPO,BOLETO TURBINADO BOT C13'26,NATIVA SPA,Não,3,0,0.00%,0,INTERIOR
Ciclo 13 - 2026,10258 - CP ALCINA MARIA,24303,Regional NE-S,AL,LOJA,59034,MALBEC COND TRAT ANTIC CUIDADOS V3 250ml,BOT,CABELOS,CONDICIONADOR,BOLETO TURBINADO BOT C13'26,MALBEC,Não,3,0,0.00%,0,INTERIOR
Ciclo 13 - 2026,10258 - CP ALCINA MARIA,24670,Regional NE-S,AL,LOJA,59034,MALBEC COND TRAT ANTIC CUIDADOS V3 250ml,BOT,CABELOS,CONDICIONADOR,BOLETO TURBINADO BOT C13'26,MALBEC,Não,3,0,0.00%,0,INTERIOR
Ciclo 13 - 2026,10258 - CP ALCINA MARIA,24617,Regional NE-S,AL,LOJA,59034,MALBEC COND TRAT ANTIC CUIDADOS V3 250ml,BOT,CABELOS,CONDICIONADOR,BOLETO TURBINADO BOT C13'26,MALBEC,Não,3,4,0.00%,4,INTERIOR
Ciclo 13 - 2026,10258 - CP ALCINA MARIA,24668,Regional NE-S,AL,LOJA,59034,MALBEC COND TRAT ANTIC CUIDADOS V3 250ml,BOT,CABELOS,CONDICIONADOR,BOLETO TURBINADO BOT C13'26,MALBEC,Não,3,0,0.00%,0,INTERIOR
Ciclo 13 - 2026,10258 - CP ALCINA MARIA,24671,Regional NE-S,AL,LOJA,59034,MALBEC COND TRAT ANTIC CUIDADOS V3 250ml,BOT,CABELOS,CONDICIONADOR,BOLETO TURBINADO BOT C13'26,MALBEC,Não,3,3,0.00%,3,INTERIOR
Ciclo 13 - 2026,10258 - CP ALCINA MARIA,24669,Regional NE-S,AL,LOJA,59034,MALBEC COND TRAT ANTIC CUIDADOS V3 250ml,BOT,CABELOS,CONDICIONADOR,BOLETO TURBINADO BOT C13'26,MALBEC,Não,3,1,0.00%,1,INTERIOR
Ciclo 13 - 2026,10258 - CP ALCINA MARIA,24668,Regional NE-S,AL,LOJA,71815,EGEO CREM DES HID CPO SUFLE CHOC 250g,BOT,CUIDADOS COM A PELE,CUIDADOS COM O CORPO,BOLETO TURBINADO BOT C13'26,EGEO,Não,11,5,0.00%,5,INTERIOR
Ciclo 13 - 2026,10258 - CP ALCINA MARIA,24617,Regional NE-S,AL,LOJA,71815,EGEO CREM DES HID CPO SUFLE CHOC 250g,BOT,CUIDADOS COM A PELE,CUIDADOS COM O CORPO,BOLETO TURBINADO BOT C13'26,EGEO,Não,3,3,0.00%,3,INTERIOR
Ciclo 13 - 2026,10258 - CP ALCINA MARIA,24671,Regional NE-S,AL,LOJA,71815,EGEO CREM DES HID CPO SUFLE CHOC 250g,BOT,CUIDADOS COM A PELE,CUIDADOS COM O CORPO,BOLETO TURBINADO BOT C13'26,EGEO,Não,7,4,25.00%,4,INTERIOR
Ciclo 13 - 2026,10258 - CP ALCINA MARIA,24669,Regional NE-S,AL,LOJA,71815,EGEO CREM DES HID CPO SUFLE CHOC 250g,BOT,CUIDADOS COM A PELE,CUIDADOS COM O CORPO,BOLETO TURBINADO BOT C13'26,EGEO,Não,6,4,25.00%,4,INTERIOR
Ciclo 13 - 2026,10258 - CP ALCINA MARIA,24670,Regional NE-S,AL,LOJA,71815,EGEO CREM DES HID CPO SUFLE CHOC 250g,BOT,CUIDADOS COM A PELE,CUIDADOS COM O CORPO,BOLETO TURBINADO BOT C13'26,EGEO,Não,7,2,0.00%,2,INTERIOR
Ciclo 13 - 2026,10258 - CP ALCINA MARIA,24303,Regional NE-S,AL,LOJA,71815,EGEO CREM DES HID CPO SUFLE CHOC 250g,BOT,CUIDADOS COM A PELE,CUIDADOS COM O CORPO,BOLETO TURBINADO BOT C13'26,EGEO,Não,3,3,66.67%,3,INTERIOR
Ciclo 13 - 2026,10258 - CP ALCINA MARIA,24669,Regional NE-S,AL,LOJA,77129,BOTIK SRM FAC ALT/POT PRENC AC/HIAL 30ml,BOT,CUIDADOS FACIAIS,HIDRATANTES E TRATAMENTOS,FLASH PROMO BOT C13'26,BOTIK,Não,5,0,0.00%,0,INTERIOR
Ciclo 13 - 2026,10258 - CP ALCINA MARIA,24671,Regional NE-S,AL,LOJA,77129,BOTIK SRM FAC ALT/POT PRENC AC/HIAL 30ml,BOT,CUIDADOS FACIAIS,HIDRATANTES E TRATAMENTOS,FLASH PROMO BOT C13'26,BOTIK,Não,3,0,0.00%,0,INTERIOR
Ciclo 13 - 2026,10258 - CP ALCINA MARIA,24670,Regional NE-S,AL,LOJA,77129,BOTIK SRM FAC ALT/POT PRENC AC/HIAL 30ml,BOT,CUIDADOS FACIAIS,HIDRATANTES E TRATAMENTOS,FLASH PROMO BOT C13'26,BOTIK,Não,3,0,0.00%,0,INTERIOR
Ciclo 13 - 2026,10258 - CP ALCINA MARIA,24668,Regional NE-S,AL,LOJA,77129,BOTIK SRM FAC ALT/POT PRENC AC/HIAL 30ml,BOT,CUIDADOS FACIAIS,HIDRATANTES E TRATAMENTOS,FLASH PROMO BOT C13'26,BOTIK,Não,4,0,0.00%,0,INTERIOR
Ciclo 13 - 2026,10258 - CP ALCINA MARIA,24303,Regional NE-S,AL,LOJA,77129,BOTIK SRM FAC ALT/POT PRENC AC/HIAL 30ml,BOT,CUIDADOS FACIAIS,HIDRATANTES E TRATAMENTOS,FLASH PROMO BOT C13'26,BOTIK,Não,3,0,0.00%,0,INTERIOR
Ciclo 13 - 2026,10258 - CP ALCINA MARIA,24617,Regional NE-S,AL,LOJA,77129,BOTIK SRM FAC ALT/POT PRENC AC/HIAL 30ml,BOT,CUIDADOS FACIAIS,HIDRATANTES E TRATAMENTOS,FLASH PROMO BOT C13'26,BOTIK,Não,3,0,0.00%,0,INTERIOR
Ciclo 13 - 2026,10258 - CP ALCINA MARIA,24617,Regional NE-S,AL,LOJA,80849,REF LILY CR AC HID DES CPO LUMIERE 250g,BOT,CUIDADOS COM A PELE,CUIDADOS COM O CORPO,DATAS IGUAIS,ESSENCE,Não,3,4,25.00%,4,INTERIOR
Ciclo 13 - 2026,10258 - CP ALCINA MARIA,24669,Regional NE-S,AL,LOJA,80849,REF LILY CR AC HID DES CPO LUMIERE 250g,BOT,CUIDADOS COM A PELE,CUIDADOS COM O CORPO,DATAS IGUAIS,ESSENCE,Não,5,0,0.00%,0,INTERIOR
Ciclo 13 - 2026,10258 - CP ALCINA MARIA,24668,Regional NE-S,AL,LOJA,80849,REF LILY CR AC HID DES CPO LUMIERE 250g,BOT,CUIDADOS COM A PELE,CUIDADOS COM O CORPO,DATAS IGUAIS,ESSENCE,Não,5,5,0.00%,5,INTERIOR
Ciclo 13 - 2026,10258 - CP ALCINA MARIA,24670,Regional NE-S,AL,LOJA,80849,REF LILY CR AC HID DES CPO LUMIERE 250g,BOT,CUIDADOS COM A PELE,CUIDADOS COM O CORPO,DATAS IGUAIS,ESSENCE,Não,5,5,0.00%,5,INTERIOR
Ciclo 13 - 2026,10258 - CP ALCINA MARIA,24671,Regional NE-S,AL,LOJA,80849,REF LILY CR AC HID DES CPO LUMIERE 250g,BOT,CUIDADOS COM A PELE,CUIDADOS COM O CORPO,DATAS IGUAIS,ESSENCE,Não,4,4,0.00%,4,INTERIOR
Ciclo 13 - 2026,10258 - CP ALCINA MARIA,24303,Regional NE-S,AL,LOJA,80849,REF LILY CR AC HID DES CPO LUMIERE 250g,BOT,CUIDADOS COM A PELE,CUIDADOS COM O CORPO,DATAS IGUAIS,ESSENCE,Não,3,3,0.00%,3,INTERIOR
Ciclo 13 - 2026,10258 - CP ALCINA MARIA,24669,Regional NE-S,AL,LOJA,83960,ARBO DES ANTIT AER 75ml V9,BOT,DESODORANTES,DESODORANTE MASCULINO,BOLETO TURBINADO BOT C13'26,ARBO,Não,11,11,9.09%,11,INTERIOR
Ciclo 13 - 2026,10258 - CP ALCINA MARIA,24303,Regional NE-S,AL,LOJA,83960,ARBO DES ANTIT AER 75ml V9,BOT,DESODORANTES,DESODORANTE MASCULINO,BOLETO TURBINADO BOT C13'26,ARBO,Não,3,3,0.00%,3,INTERIOR
Ciclo 13 - 2026,10258 - CP ALCINA MARIA,24671,Regional NE-S,AL,LOJA,83960,ARBO DES ANTIT AER 75ml V9,BOT,DESODORANTES,DESODORANTE MASCULINO,BOLETO TURBINADO BOT C13'26,ARBO,Não,16,16,31.25%,16,INTERIOR
Ciclo 13 - 2026,10258 - CP ALCINA MARIA,24668,Regional NE-S,AL,LOJA,83960,ARBO DES ANTIT AER 75ml V9,BOT,DESODORANTES,DESODORANTE MASCULINO,BOLETO TURBINADO BOT C13'26,ARBO,Não,20,20,15.00%,20,INTERIOR
Ciclo 13 - 2026,10258 - CP ALCINA MARIA,24617,Regional NE-S,AL,LOJA,83960,ARBO DES ANTIT AER 75ml V9,BOT,DESODORANTES,DESODORANTE MASCULINO,BOLETO TURBINADO BOT C13'26,ARBO,Não,3,4,0.00%,4,INTERIOR
Ciclo 13 - 2026,10258 - CP ALCINA MARIA,24670,Regional NE-S,AL,LOJA,83960,ARBO DES ANTIT AER 75ml V9,BOT,DESODORANTES,DESODORANTE MASCULINO,BOLETO TURBINADO BOT C13'26,ARBO,Não,33,33,24.24%,33,INTERIOR
Ciclo 13 - 2026,10258 - CP ALCINA MARIA,24617,Regional NE-S,AL,LOJA,84241,REF BOTIK MASC FAC RESET NOT AC/GLIC 40g,BOT,CUIDADOS FACIAIS,HIDRATANTES E TRATAMENTOS,FLASH PROMO BOT C13'26,BOTIK,Não,3,3,0.00%,3,INTERIOR
Ciclo 13 - 2026,10258 - CP ALCINA MARIA,24670,Regional NE-S,AL,LOJA,84241,REF BOTIK MASC FAC RESET NOT AC/GLIC 40g,BOT,CUIDADOS FACIAIS,HIDRATANTES E TRATAMENTOS,FLASH PROMO BOT C13'26,BOTIK,Não,3,1,0.00%,1,INTERIOR
Ciclo 13 - 2026,10258 - CP ALCINA MARIA,24303,Regional NE-S,AL,LOJA,84241,REF BOTIK MASC FAC RESET NOT AC/GLIC 40g,BOT,CUIDADOS FACIAIS,HIDRATANTES E TRATAMENTOS,FLASH PROMO BOT C13'26,BOTIK,Não,3,2,0.00%,2,INTERIOR
Ciclo 13 - 2026,10258 - CP ALCINA MARIA,24671,Regional NE-S,AL,LOJA,84241,REF BOTIK MASC FAC RESET NOT AC/GLIC 40g,BOT,CUIDADOS FACIAIS,HIDRATANTES E TRATAMENTOS,FLASH PROMO BOT C13'26,BOTIK,Não,3,1,0.00%,1,INTERIOR
Ciclo 13 - 2026,10258 - CP ALCINA MARIA,24668,Regional NE-S,AL,LOJA,84241,REF BOTIK MASC FAC RESET NOT AC/GLIC 40g,BOT,CUIDADOS FACIAIS,HIDRATANTES E TRATAMENTOS,FLASH PROMO BOT C13'26,BOTIK,Não,3,3,0.00%,3,INTERIOR
Ciclo 13 - 2026,10258 - CP ALCINA MARIA,24669,Regional NE-S,AL,LOJA,84241,REF BOTIK MASC FAC RESET NOT AC/GLIC 40g,BOT,CUIDADOS FACIAIS,HIDRATANTES E TRATAMENTOS,FLASH PROMO BOT C13'26,BOTIK,Não,4,0,0.00%,0,INTERIOR
Ciclo 13 - 2026,10258 - CP ALCINA MARIA,24669,Regional NE-S,AL,LOJA,85052,REF NSPA OL GLOR D H CPO AMEIX/NEG 150ml,BOT,ÓLEOS,CUIDADOS COM O CORPO,BOLETO TURBINADO BOT C13'26,NATIVA SPA,Não,3,0,0.00%,0,INTERIOR
Ciclo 13 - 2026,10258 - CP ALCINA MARIA,24668,Regional NE-S,AL,LOJA,85052,REF NSPA OL GLOR D H CPO AMEIX/NEG 150ml,BOT,ÓLEOS,CUIDADOS COM O CORPO,BOLETO TURBINADO BOT C13'26,NATIVA SPA,Não,3,7,14.29%,7,INTERIOR
Ciclo 13 - 2026,10258 - CP ALCINA MARIA,24671,Regional NE-S,AL,LOJA,85052,REF NSPA OL GLOR D H CPO AMEIX/NEG 150ml,BOT,ÓLEOS,CUIDADOS COM O CORPO,BOLETO TURBINADO BOT C13'26,NATIVA SPA,Não,3,0,0.00%,0,INTERIOR
Ciclo 13 - 2026,10258 - CP ALCINA MARIA,24670,Regional NE-S,AL,LOJA,85052,REF NSPA OL GLOR D H CPO AMEIX/NEG 150ml,BOT,ÓLEOS,CUIDADOS COM O CORPO,BOLETO TURBINADO BOT C13'26,NATIVA SPA,Não,3,3,0.00%,3,INTERIOR
Ciclo 13 - 2026,10258 - CP ALCINA MARIA,24617,Regional NE-S,AL,LOJA,85052,REF NSPA OL GLOR D H CPO AMEIX/NEG 150ml,BOT,ÓLEOS,CUIDADOS COM O CORPO,BOLETO TURBINADO BOT C13'26,NATIVA SPA,Não,3,0,0.00%,0,INTERIOR
Ciclo 13 - 2026,10258 - CP ALCINA MARIA,24303,Regional NE-S,AL,LOJA,85052,REF NSPA OL GLOR D H CPO AMEIX/NEG 150ml,BOT,ÓLEOS,CUIDADOS COM O CORPO,BOLETO TURBINADO BOT C13'26,NATIVA SPA,Não,3,0,0.00%,0,INTERIOR
Ciclo 13 - 2026,10258 - CP ALCINA MARIA,24669,Regional NE-S,AL,LOJA,85427,NSPA CR PERF DES CPO ROSAS/SCRT PRM 50ml,BOT,SUPORTE À VENDA,PRM,BOLETO PROMOCIONAL BOT C13'26,NATIVA SPA,Não,48,0,0.00%,0,INTERIOR
Ciclo 13 - 2026,10258 - CP ALCINA MARIA,24303,Regional NE-S,AL,LOJA,85427,NSPA CR PERF DES CPO ROSAS/SCRT PRM 50ml,BOT,SUPORTE À VENDA,PRM,BOLETO PROMOCIONAL BOT C13'26,NATIVA SPA,Não,25,0,0.00%,0,INTERIOR
Ciclo 13 - 2026,10258 - CP ALCINA MARIA,24671,Regional NE-S,AL,LOJA,85427,NSPA CR PERF DES CPO ROSAS/SCRT PRM 50ml,BOT,SUPORTE À VENDA,PRM,BOLETO PROMOCIONAL BOT C13'26,NATIVA SPA,Não,42,0,0.00%,0,INTERIOR
Ciclo 13 - 2026,10258 - CP ALCINA MARIA,24670,Regional NE-S,AL,LOJA,85427,NSPA CR PERF DES CPO ROSAS/SCRT PRM 50ml,BOT,SUPORTE À VENDA,PRM,BOLETO PROMOCIONAL BOT C13'26,NATIVA SPA,Não,45,0,0.00%,0,INTERIOR
Ciclo 13 - 2026,10258 - CP ALCINA MARIA,24668,Regional NE-S,AL,LOJA,85427,NSPA CR PERF DES CPO ROSAS/SCRT PRM 50ml,BOT,SUPORTE À VENDA,PRM,BOLETO PROMOCIONAL BOT C13'26,NATIVA SPA,Não,67,0,0.00%,0,INTERIOR
Ciclo 13 - 2026,10258 - CP ALCINA MARIA,24617,Regional NE-S,AL,LOJA,85427,NSPA CR PERF DES CPO ROSAS/SCRT PRM 50ml,BOT,SUPORTE À VENDA,PRM,BOLETO PROMOCIONAL BOT C13'26,NATIVA SPA,Não,15,0,0.00%,0,INTERIOR
Ciclo 13 - 2026,10258 - CP ALCINA MARIA,24669,Regional NE-S,AL,LOJA,85481,MALBEC DES COL BLACK LEGEND PRM 10ml,BOT,SUPORTE À VENDA,PRM,BOLETO PROMOCIONAL BOT C13'26,MALBEC,Não,18,0,0.00%,0,INTERIOR
Ciclo 13 - 2026,10258 - CP ALCINA MARIA,24671,Regional NE-S,AL,LOJA,85481,MALBEC DES COL BLACK LEGEND PRM 10ml,BOT,SUPORTE À VENDA,PRM,BOLETO PROMOCIONAL BOT C13'26,MALBEC,Não,15,0,0.00%,0,INTERIOR
Ciclo 13 - 2026,10258 - CP ALCINA MARIA,24303,Regional NE-S,AL,LOJA,85481,MALBEC DES COL BLACK LEGEND PRM 10ml,BOT,SUPORTE À VENDA,PRM,BOLETO PROMOCIONAL BOT C13'26,MALBEC,Não,3,0,0.00%,0,INTERIOR
Ciclo 13 - 2026,10258 - CP ALCINA MARIA,24617,Regional NE-S,AL,LOJA,85481,MALBEC DES COL BLACK LEGEND PRM 10ml,BOT,SUPORTE À VENDA,PRM,BOLETO PROMOCIONAL BOT C13'26,MALBEC,Não,3,0,0.00%,0,INTERIOR
Ciclo 13 - 2026,10258 - CP ALCINA MARIA,24670,Regional NE-S,AL,LOJA,85481,MALBEC DES COL BLACK LEGEND PRM 10ml,BOT,SUPORTE À VENDA,PRM,BOLETO PROMOCIONAL BOT C13'26,MALBEC,Não,17,0,0.00%,0,INTERIOR
Ciclo 13 - 2026,10258 - CP ALCINA MARIA,24668,Regional NE-S,AL,LOJA,85481,MALBEC DES COL BLACK LEGEND PRM 10ml,BOT,SUPORTE À VENDA,PRM,BOLETO PROMOCIONAL BOT C13'26,MALBEC,Não,26,0,0.00%,0,INTERIOR
Ciclo 13 - 2026,10258 - CP ALCINA MARIA,24303,Regional NE-S,AL,LOJA,85677,CBEM LOC DES HID CPO CER/FASES PRM 50ml,BOT,SUPORTE À VENDA,PRM,BOLETO PROMOCIONAL BOT C13'26,CUIDE-SE BEM,Não,35,0,0.00%,0,INTERIOR
Ciclo 13 - 2026,10258 - CP ALCINA MARIA,24668,Regional NE-S,AL,LOJA,85677,CBEM LOC DES HID CPO CER/FASES PRM 50ml,BOT,SUPORTE À VENDA,PRM,BOLETO PROMOCIONAL BOT C13'26,CUIDE-SE BEM,Não,67,0,0.00%,0,INTERIOR
Ciclo 13 - 2026,10258 - CP ALCINA MARIA,24669,Regional NE-S,AL,LOJA,85677,CBEM LOC DES HID CPO CER/FASES PRM 50ml,BOT,SUPORTE À VENDA,PRM,BOLETO PROMOCIONAL BOT C13'26,CUIDE-SE BEM,Não,53,0,0.00%,0,INTERIOR
Ciclo 13 - 2026,10258 - CP ALCINA MARIA,24617,Regional NE-S,AL,LOJA,85677,CBEM LOC DES HID CPO CER/FASES PRM 50ml,BOT,SUPORTE À VENDA,PRM,BOLETO PROMOCIONAL BOT C13'26,CUIDE-SE BEM,Não,15,0,0.00%,0,INTERIOR
Ciclo 13 - 2026,10258 - CP ALCINA MARIA,24670,Regional NE-S,AL,LOJA,85677,CBEM LOC DES HID CPO CER/FASES PRM 50ml,BOT,SUPORTE À VENDA,PRM,BOLETO PROMOCIONAL BOT C13'26,CUIDE-SE BEM,Não,42,0,0.00%,0,INTERIOR
Ciclo 13 - 2026,10258 - CP ALCINA MARIA,24671,Regional NE-S,AL,LOJA,85677,CBEM LOC DES HID CPO CER/FASES PRM 50ml,BOT,SUPORTE À VENDA,PRM,BOLETO PROMOCIONAL BOT C13'26,CUIDE-SE BEM,Não,42,0,0.00%,0,INTERIOR
Ciclo 13 - 2026,10258 - CP ALCINA MARIA,24671,Regional NE-S,AL,LOJA,86077,COFFEE DES ANTIT AER ORIENT/AMB 125ml,BOT,DESODORANTES,DESODORANTE MASCULINO,BOLETO TURBINADO BOT C13'26,COFFEE,Não,6,6,0.00%,6,INTERIOR
Ciclo 13 - 2026,10258 - CP ALCINA MARIA,24669,Regional NE-S,AL,LOJA,86077,COFFEE DES ANTIT AER ORIENT/AMB 125ml,BOT,DESODORANTES,DESODORANTE MASCULINO,BOLETO TURBINADO BOT C13'26,COFFEE,Não,5,5,20.00%,5,INTERIOR
Ciclo 13 - 2026,10258 - CP ALCINA MARIA,24668,Regional NE-S,AL,LOJA,86077,COFFEE DES ANTIT AER ORIENT/AMB 125ml,BOT,DESODORANTES,DESODORANTE MASCULINO,BOLETO TURBINADO BOT C13'26,COFFEE,Não,10,12,0.00%,12,INTERIOR
Ciclo 13 - 2026,10258 - CP ALCINA MARIA,24617,Regional NE-S,AL,LOJA,86077,COFFEE DES ANTIT AER ORIENT/AMB 125ml,BOT,DESODORANTES,DESODORANTE MASCULINO,BOLETO TURBINADO BOT C13'26,COFFEE,Não,3,3,0.00%,3,INTERIOR
Ciclo 13 - 2026,10258 - CP ALCINA MARIA,24303,Regional NE-S,AL,LOJA,86077,COFFEE DES ANTIT AER ORIENT/AMB 125ml,BOT,DESODORANTES,DESODORANTE MASCULINO,BOLETO TURBINADO BOT C13'26,COFFEE,Não,3,3,33.33%,3,INTERIOR
Ciclo 13 - 2026,10258 - CP ALCINA MARIA,24670,Regional NE-S,AL,LOJA,86077,COFFEE DES ANTIT AER ORIENT/AMB 125ml,BOT,DESODORANTES,DESODORANTE MASCULINO,BOLETO TURBINADO BOT C13'26,COFFEE,Não,6,6,83.33%,6,INTERIOR
Ciclo 13 - 2026,10258 - CP ALCINA MARIA,24671,Regional NE-S,AL,LOJA,87491,BOTIK GEL LIMP F MCL AC MAND/SAL V2 150g,BOT,CUIDADOS FACIAIS,LIMPEZA,BOLETO TURBINADO BOT C13'26,BOTIK,Não,4,10,20.00%,10,INTERIOR
Ciclo 13 - 2026,10258 - CP ALCINA MARIA,24670,Regional NE-S,AL,LOJA,87491,BOTIK GEL LIMP F MCL AC MAND/SAL V2 150g,BOT,CUIDADOS FACIAIS,LIMPEZA,BOLETO TURBINADO BOT C13'26,BOTIK,Não,4,4,150.00%,4,INTERIOR
Ciclo 13 - 2026,10258 - CP ALCINA MARIA,24669,Regional NE-S,AL,LOJA,87491,BOTIK GEL LIMP F MCL AC MAND/SAL V2 150g,BOT,CUIDADOS FACIAIS,LIMPEZA,BOLETO TURBINADO BOT C13'26,BOTIK,Não,4,15,113.33%,15,INTERIOR
Ciclo 13 - 2026,10258 - CP ALCINA MARIA,24668,Regional NE-S,AL,LOJA,87491,BOTIK GEL LIMP F MCL AC MAND/SAL V2 150g,BOT,CUIDADOS FACIAIS,LIMPEZA,BOLETO TURBINADO BOT C13'26,BOTIK,Não,6,10,0.00%,10,INTERIOR
Ciclo 13 - 2026,10258 - CP ALCINA MARIA,24303,Regional NE-S,AL,LOJA,87491,BOTIK GEL LIMP F MCL AC MAND/SAL V2 150g,BOT,CUIDADOS FACIAIS,LIMPEZA,BOLETO TURBINADO BOT C13'26,BOTIK,Não,3,30,20.00%,30,INTERIOR
Ciclo 13 - 2026,10258 - CP ALCINA MARIA,24617,Regional NE-S,AL,LOJA,87491,BOTIK GEL LIMP F MCL AC MAND/SAL V2 150g,BOT,CUIDADOS FACIAIS,LIMPEZA,BOLETO TURBINADO BOT C13'26,BOTIK,Não,3,10,60.00%,10,INTERIOR
Ciclo 13 - 2026,10258 - CP ALCINA MARIA,24669,Regional NE-S,AL,LOJA,87600,BOTIK SRUM ALT/POT AC/GLICOL V2 30ml,BOT,CUIDADOS FACIAIS,HIDRATANTES E TRATAMENTOS,FLASH PROMO BOT C13'26,BOTIK,Não,3,0,0.00%,0,INTERIOR
Ciclo 13 - 2026,10258 - CP ALCINA MARIA,24668,Regional NE-S,AL,LOJA,87600,BOTIK SRUM ALT/POT AC/GLICOL V2 30ml,BOT,CUIDADOS FACIAIS,HIDRATANTES E TRATAMENTOS,FLASH PROMO BOT C13'26,BOTIK,Não,3,3,0.00%,3,INTERIOR
Ciclo 13 - 2026,10258 - CP ALCINA MARIA,24617,Regional NE-S,AL,LOJA,87600,BOTIK SRUM ALT/POT AC/GLICOL V2 30ml,BOT,CUIDADOS FACIAIS,HIDRATANTES E TRATAMENTOS,FLASH PROMO BOT C13'26,BOTIK,Não,3,3,0.00%,3,INTERIOR
Ciclo 13 - 2026,10258 - CP ALCINA MARIA,24670,Regional NE-S,AL,LOJA,87600,BOTIK SRUM ALT/POT AC/GLICOL V2 30ml,BOT,CUIDADOS FACIAIS,HIDRATANTES E TRATAMENTOS,FLASH PROMO BOT C13'26,BOTIK,Não,3,3,0.00%,3,INTERIOR
Ciclo 13 - 2026,10258 - CP ALCINA MARIA,24671,Regional NE-S,AL,LOJA,87600,BOTIK SRUM ALT/POT AC/GLICOL V2 30ml,BOT,CUIDADOS FACIAIS,HIDRATANTES E TRATAMENTOS,FLASH PROMO BOT C13'26,BOTIK,Não,3,1,0.00%,1,INTERIOR
Ciclo 13 - 2026,10258 - CP ALCINA MARIA,24303,Regional NE-S,AL,LOJA,87600,BOTIK SRUM ALT/POT AC/GLICOL V2 30ml,BOT,CUIDADOS FACIAIS,HIDRATANTES E TRATAMENTOS,FLASH PROMO BOT C13'26,BOTIK,Não,3,3,0.00%,3,INTERIOR
Ciclo 13 - 2026,10258 - CP ALCINA MARIA,24670,Regional NE-S,AL,LOJA,88295,ZAAD EDP INFINITY 95ml,BOT,PERFUMARIA,PERFUMARIA MASCULINA,LANÇAMENTO ZAAD INFINITY,ZAAD,Não,6,6,16.67%,6,INTERIOR
Ciclo 13 - 2026,10258 - CP ALCINA MARIA,24671,Regional NE-S,AL,LOJA,88295,ZAAD EDP INFINITY 95ml,BOT,PERFUMARIA,PERFUMARIA MASCULINA,LANÇAMENTO ZAAD INFINITY,ZAAD,Não,5,5,20.00%,5,INTERIOR
Ciclo 13 - 2026,10258 - CP ALCINA MARIA,24669,Regional NE-S,AL,LOJA,88295,ZAAD EDP INFINITY 95ml,BOT,PERFUMARIA,PERFUMARIA MASCULINA,LANÇAMENTO ZAAD INFINITY,ZAAD,Não,4,4,100.00%,4,INTERIOR
Ciclo 13 - 2026,10258 - CP ALCINA MARIA,24668,Regional NE-S,AL,LOJA,88295,ZAAD EDP INFINITY 95ml,BOT,PERFUMARIA,PERFUMARIA MASCULINA,LANÇAMENTO ZAAD INFINITY,ZAAD,Não,8,8,37.50%,8,INTERIOR
Ciclo 13 - 2026,10258 - CP ALCINA MARIA,24617,Regional NE-S,AL,LOJA,88295,ZAAD EDP INFINITY 95ml,BOT,PERFUMARIA,PERFUMARIA MASCULINA,LANÇAMENTO ZAAD INFINITY,ZAAD,Não,3,3,66.67%,3,INTERIOR
Ciclo 13 - 2026,10258 - CP ALCINA MARIA,24303,Regional NE-S,AL,LOJA,88295,ZAAD EDP INFINITY 95ml,BOT,PERFUMARIA,PERFUMARIA MASCULINA,LANÇAMENTO ZAAD INFINITY,ZAAD,Não,3,5,0.00%,5,INTERIOR
Ciclo 13 - 2026,10258 - CP ALCINA MARIA,24668,Regional NE-S,AL,LOJA,88298,ZAAD EDP INFINITY PRM 10ml,BOT,SUPORTE À VENDA,PRM,BOLETO PROMOCIONAL BOT C13'26,ZAAD,Não,84,78,6.00%,50,INTERIOR
Ciclo 13 - 2026,10258 - CP ALCINA MARIA,24669,Regional NE-S,AL,LOJA,88298,ZAAD EDP INFINITY PRM 10ml,BOT,SUPORTE À VENDA,PRM,BOLETO PROMOCIONAL BOT C13'26,ZAAD,Não,61,59,25.00%,40,INTERIOR
Ciclo 13 - 2026,10258 - CP ALCINA MARIA,24303,Regional NE-S,AL,LOJA,88298,ZAAD EDP INFINITY PRM 10ml,BOT,SUPORTE À VENDA,PRM,BOLETO PROMOCIONAL BOT C13'26,ZAAD,Não,44,49,6.82%,44,INTERIOR
Ciclo 13 - 2026,10258 - CP ALCINA MARIA,24617,Regional NE-S,AL,LOJA,88298,ZAAD EDP INFINITY PRM 10ml,BOT,SUPORTE À VENDA,PRM,BOLETO PROMOCIONAL BOT C13'26,ZAAD,Não,14,25,0.00%,14,INTERIOR
Ciclo 13 - 2026,10258 - CP ALCINA MARIA,24670,Regional NE-S,AL,LOJA,88298,ZAAD EDP INFINITY PRM 10ml,BOT,SUPORTE À VENDA,PRM,BOLETO PROMOCIONAL BOT C13'26,ZAAD,Não,67,55,62.50%,40,INTERIOR
Ciclo 13 - 2026,10258 - CP ALCINA MARIA,24671,Regional NE-S,AL,LOJA,88298,ZAAD EDP INFINITY PRM 10ml,BOT,SUPORTE À VENDA,PRM,BOLETO PROMOCIONAL BOT C13'26,ZAAD,Não,67,53,5.00%,40,INTERIOR
Ciclo 13 - 2026,10258 - CP ALCINA MARIA,24303,Regional NE-S,AL,LOJA,88971,LIZ DES COL D ESSENCE PRM 10ml,BOT,SUPORTE À VENDA,PRM,BOLETO PROMOCIONAL BOT C13'26,LIZ,Não,33,0,0.00%,0,INTERIOR
Ciclo 13 - 2026,10258 - CP ALCINA MARIA,24668,Regional NE-S,AL,LOJA,88971,LIZ DES COL D ESSENCE PRM 10ml,BOT,SUPORTE À VENDA,PRM,BOLETO PROMOCIONAL BOT C13'26,LIZ,Não,62,0,0.00%,0,INTERIOR
Ciclo 13 - 2026,10258 - CP ALCINA MARIA,24617,Regional NE-S,AL,LOJA,88971,LIZ DES COL D ESSENCE PRM 10ml,BOT,SUPORTE À VENDA,PRM,BOLETO PROMOCIONAL BOT C13'26,LIZ,Não,14,14,21.43%,14,INTERIOR
Ciclo 13 - 2026,10258 - CP ALCINA MARIA,24671,Regional NE-S,AL,LOJA,88971,LIZ DES COL D ESSENCE PRM 10ml,BOT,SUPORTE À VENDA,PRM,BOLETO PROMOCIONAL BOT C13'26,LIZ,Não,39,0,0.00%,0,INTERIOR
Ciclo 13 - 2026,10258 - CP ALCINA MARIA,24669,Regional NE-S,AL,LOJA,88971,LIZ DES COL D ESSENCE PRM 10ml,BOT,SUPORTE À VENDA,PRM,BOLETO PROMOCIONAL BOT C13'26,LIZ,Não,49,0,0.00%,0,INTERIOR
Ciclo 13 - 2026,10258 - CP ALCINA MARIA,24670,Regional NE-S,AL,LOJA,88971,LIZ DES COL D ESSENCE PRM 10ml,BOT,SUPORTE À VENDA,PRM,BOLETO PROMOCIONAL BOT C13'26,LIZ,Não,39,0,0.00%,0,INTERIOR
Ciclo 13 - 2026,10258 - CP ALCINA MARIA,24671,Regional NE-S,AL,LOJA,89446,LILY CR AC DES HID CP LEAU/LILY SOL 200g,BOT,CUIDADOS COM A PELE,CUIDADOS COM O CORPO,BOLETO TURBINADO BOT C13'26,ESSENCE,Não,3,0,0.00%,0,INTERIOR
Ciclo 13 - 2026,10258 - CP ALCINA MARIA,24670,Regional NE-S,AL,LOJA,89446,LILY CR AC DES HID CP LEAU/LILY SOL 200g,BOT,CUIDADOS COM A PELE,CUIDADOS COM O CORPO,BOLETO TURBINADO BOT C13'26,ESSENCE,Não,3,8,12.50%,8,INTERIOR
Ciclo 13 - 2026,10258 - CP ALCINA MARIA,24669,Regional NE-S,AL,LOJA,89446,LILY CR AC DES HID CP LEAU/LILY SOL 200g,BOT,CUIDADOS COM A PELE,CUIDADOS COM O CORPO,BOLETO TURBINADO BOT C13'26,ESSENCE,Não,3,0,0.00%,0,INTERIOR
Ciclo 13 - 2026,10258 - CP ALCINA MARIA,24668,Regional NE-S,AL,LOJA,89446,LILY CR AC DES HID CP LEAU/LILY SOL 200g,BOT,CUIDADOS COM A PELE,CUIDADOS COM O CORPO,BOLETO TURBINADO BOT C13'26,ESSENCE,Não,3,0,0.00%,0,INTERIOR
Ciclo 13 - 2026,10258 - CP ALCINA MARIA,24617,Regional NE-S,AL,LOJA,89446,LILY CR AC DES HID CP LEAU/LILY SOL 200g,BOT,CUIDADOS COM A PELE,CUIDADOS COM O CORPO,BOLETO TURBINADO BOT C13'26,ESSENCE,Não,3,0,0.00%,0,INTERIOR
Ciclo 13 - 2026,10258 - CP ALCINA MARIA,24303,Regional NE-S,AL,LOJA,89446,LILY CR AC DES HID CP LEAU/LILY SOL 200g,BOT,CUIDADOS COM A PELE,CUIDADOS COM O CORPO,BOLETO TURBINADO BOT C13'26,ESSENCE,Não,3,0,0.00%,0,INTERIOR
Ciclo 13 - 2026,10258 - CP ALCINA MARIA,24617,Regional NE-S,AL,LOJA,89471,BOTIK GEL/LIMP FAC CIC/PANT/CER PRM 50g,BOT,SUPORTE À VENDA,PRM,BOLETO PROMOCIONAL BOT C13'26,BOTIK,Não,15,0,0.00%,0,INTERIOR
Ciclo 13 - 2026,10258 - CP ALCINA MARIA,24670,Regional NE-S,AL,LOJA,89471,BOTIK GEL/LIMP FAC CIC/PANT/CER PRM 50g,BOT,SUPORTE À VENDA,PRM,BOLETO PROMOCIONAL BOT C13'26,BOTIK,Não,34,0,0.00%,0,INTERIOR
Ciclo 13 - 2026,10258 - CP ALCINA MARIA,24671,Regional NE-S,AL,LOJA,89471,BOTIK GEL/LIMP FAC CIC/PANT/CER PRM 50g,BOT,SUPORTE À VENDA,PRM,BOLETO PROMOCIONAL BOT C13'26,BOTIK,Não,38,0,0.00%,0,INTERIOR
Ciclo 13 - 2026,10258 - CP ALCINA MARIA,24669,Regional NE-S,AL,LOJA,89471,BOTIK GEL/LIMP FAC CIC/PANT/CER PRM 50g,BOT,SUPORTE À VENDA,PRM,BOLETO PROMOCIONAL BOT C13'26,BOTIK,Não,50,0,0.00%,0,INTERIOR
Ciclo 13 - 2026,10258 - CP ALCINA MARIA,24303,Regional NE-S,AL,LOJA,89471,BOTIK GEL/LIMP FAC CIC/PANT/CER PRM 50g,BOT,SUPORTE À VENDA,PRM,BOLETO PROMOCIONAL BOT C13'26,BOTIK,Não,46,0,0.00%,0,INTERIOR
Ciclo 13 - 2026,10258 - CP ALCINA MARIA,24668,Regional NE-S,AL,LOJA,89471,BOTIK GEL/LIMP FAC CIC/PANT/CER PRM 50g,BOT,SUPORTE À VENDA,PRM,BOLETO PROMOCIONAL BOT C13'26,BOTIK,Não,55,0,0.00%,0,INTERIOR
Ciclo 13 - 2026,10258 - CP ALCINA MARIA,24303,Regional NE-S,AL,LOJA,90381,PMPCK MALBEC DES BODY SPRAY,BOT,DESODORANTES,DESODORANTE MASCULINO,LANÇAMENTO PROMOPACK,MALBEC,Não,3,3,33.33%,3,INTERIOR
Ciclo 13 - 2026,10258 - CP ALCINA MARIA,24668,Regional NE-S,AL,LOJA,90381,PMPCK MALBEC DES BODY SPRAY,BOT,DESODORANTES,DESODORANTE MASCULINO,LANÇAMENTO PROMOPACK,MALBEC,Não,10,10,70.00%,10,INTERIOR
Ciclo 13 - 2026,10258 - CP ALCINA MARIA,24669,Regional NE-S,AL,LOJA,90381,PMPCK MALBEC DES BODY SPRAY,BOT,DESODORANTES,DESODORANTE MASCULINO,LANÇAMENTO PROMOPACK,MALBEC,Não,6,6,83.33%,6,INTERIOR
Ciclo 13 - 2026,10258 - CP ALCINA MARIA,24670,Regional NE-S,AL,LOJA,90381,PMPCK MALBEC DES BODY SPRAY,BOT,DESODORANTES,DESODORANTE MASCULINO,LANÇAMENTO PROMOPACK,MALBEC,Não,7,7,85.71%,7,INTERIOR
Ciclo 13 - 2026,10258 - CP ALCINA MARIA,24671,Regional NE-S,AL,LOJA,90381,PMPCK MALBEC DES BODY SPRAY,BOT,DESODORANTES,DESODORANTE MASCULINO,LANÇAMENTO PROMOPACK,MALBEC,Não,6,6,83.33%,6,INTERIOR
Ciclo 13 - 2026,10258 - CP ALCINA MARIA,24617,Regional NE-S,AL,LOJA,90381,PMPCK MALBEC DES BODY SPRAY,BOT,DESODORANTES,DESODORANTE MASCULINO,LANÇAMENTO PROMOPACK,MALBEC,Não,3,3,33.33%,3,INTERIOR
Ciclo 13 - 2026,10258 - CP ALCINA MARIA,24303,Regional NE-S,AL,LOJA,90981,NSPA DES COL BDY SPLSH AMEIX/INT 200ml,BOT,PERFUMARIA,PERFUMARIA FEMININA,LANÇAMENTO NSPA AMEIXA INTENSA,NATIVA SPA,Não,12,12,66.67%,12,INTERIOR
Ciclo 13 - 2026,10258 - CP ALCINA MARIA,24669,Regional NE-S,AL,LOJA,90981,NSPA DES COL BDY SPLSH AMEIX/INT 200ml,BOT,PERFUMARIA,PERFUMARIA FEMININA,LANÇAMENTO NSPA AMEIXA INTENSA,NATIVA SPA,Não,32,32,12.50%,32,INTERIOR
Ciclo 13 - 2026,10258 - CP ALCINA MARIA,24668,Regional NE-S,AL,LOJA,90981,NSPA DES COL BDY SPLSH AMEIX/INT 200ml,BOT,PERFUMARIA,PERFUMARIA FEMININA,LANÇAMENTO NSPA AMEIXA INTENSA,NATIVA SPA,Não,56,56,30.36%,56,INTERIOR
Ciclo 13 - 2026,10258 - CP ALCINA MARIA,24670,Regional NE-S,AL,LOJA,90981,NSPA DES COL BDY SPLSH AMEIX/INT 200ml,BOT,PERFUMARIA,PERFUMARIA FEMININA,LANÇAMENTO NSPA AMEIXA INTENSA,NATIVA SPA,Não,42,42,40.48%,42,INTERIOR
Ciclo 13 - 2026,10258 - CP ALCINA MARIA,24671,Regional NE-S,AL,LOJA,90981,NSPA DES COL BDY SPLSH AMEIX/INT 200ml,BOT,PERFUMARIA,PERFUMARIA FEMININA,LANÇAMENTO NSPA AMEIXA INTENSA,NATIVA SPA,Não,34,34,29.41%,34,INTERIOR
Ciclo 13 - 2026,10258 - CP ALCINA MARIA,24617,Regional NE-S,AL,LOJA,90981,NSPA DES COL BDY SPLSH AMEIX/INT 200ml,BOT,PERFUMARIA,PERFUMARIA FEMININA,LANÇAMENTO NSPA AMEIXA INTENSA,NATIVA SPA,Não,5,5,80.00%,5,INTERIOR
Ciclo 13 - 2026,10258 - CP ALCINA MARIA,24670,Regional NE-S,AL,LOJA,94510,"BOTIK BALM LAB HID AC/HIALUR V2 3,2g",BOT,CUIDADOS FACIAIS,HIDRATANTES E TRATAMENTOS,BOLETO TURBINADO BOT C13'26,BOTIK,Não,7,0,0.00%,0,INTERIOR
Ciclo 13 - 2026,10258 - CP ALCINA MARIA,24669,Regional NE-S,AL,LOJA,94510,"BOTIK BALM LAB HID AC/HIALUR V2 3,2g",BOT,CUIDADOS FACIAIS,HIDRATANTES E TRATAMENTOS,BOLETO TURBINADO BOT C13'26,BOTIK,Não,8,0,0.00%,0,INTERIOR
Ciclo 13 - 2026,10258 - CP ALCINA MARIA,24668,Regional NE-S,AL,LOJA,94510,"BOTIK BALM LAB HID AC/HIALUR V2 3,2g",BOT,CUIDADOS FACIAIS,HIDRATANTES E TRATAMENTOS,BOLETO TURBINADO BOT C13'26,BOTIK,Não,11,0,0.00%,0,INTERIOR
Ciclo 13 - 2026,10258 - CP ALCINA MARIA,24617,Regional NE-S,AL,LOJA,94510,"BOTIK BALM LAB HID AC/HIALUR V2 3,2g",BOT,CUIDADOS FACIAIS,HIDRATANTES E TRATAMENTOS,BOLETO TURBINADO BOT C13'26,BOTIK,Não,3,0,0.00%,0,INTERIOR
Ciclo 13 - 2026,10258 - CP ALCINA MARIA,24671,Regional NE-S,AL,LOJA,94510,"BOTIK BALM LAB HID AC/HIALUR V2 3,2g",BOT,CUIDADOS FACIAIS,HIDRATANTES E TRATAMENTOS,BOLETO TURBINADO BOT C13'26,BOTIK,Não,8,0,0.00%,0,INTERIOR
Ciclo 13 - 2026,10258 - CP ALCINA MARIA,24303,Regional NE-S,AL,LOJA,94510,"BOTIK BALM LAB HID AC/HIALUR V2 3,2g",BOT,CUIDADOS FACIAIS,HIDRATANTES E TRATAMENTOS,BOLETO TURBINADO BOT C13'26,BOTIK,Não,3,0,0.00%,0,INTERIOR
Ciclo 13 - 2026,10258 - CP ALCINA MARIA,24671,Regional NE-S,AL,LOJA,94534,NSPA SAB LIQ PERF CPO CER/ROUGE V2 250ml,BOT,SABONETE CORPO,CORPO,BOLETO TURBINADO BOT C13'26,NATIVA SPA,Não,5,0,0.00%,0,INTERIOR
Ciclo 13 - 2026,10258 - CP ALCINA MARIA,24670,Regional NE-S,AL,LOJA,94534,NSPA SAB LIQ PERF CPO CER/ROUGE V2 250ml,BOT,SABONETE CORPO,CORPO,BOLETO TURBINADO BOT C13'26,NATIVA SPA,Não,5,0,0.00%,0,INTERIOR
Ciclo 13 - 2026,10258 - CP ALCINA MARIA,24669,Regional NE-S,AL,LOJA,94534,NSPA SAB LIQ PERF CPO CER/ROUGE V2 250ml,BOT,SABONETE CORPO,CORPO,BOLETO TURBINADO BOT C13'26,NATIVA SPA,Não,6,0,0.00%,0,INTERIOR
Ciclo 13 - 2026,10258 - CP ALCINA MARIA,24668,Regional NE-S,AL,LOJA,94534,NSPA SAB LIQ PERF CPO CER/ROUGE V2 250ml,BOT,SABONETE CORPO,CORPO,BOLETO TURBINADO BOT C13'26,NATIVA SPA,Não,9,0,0.00%,0,INTERIOR
Ciclo 13 - 2026,10258 - CP ALCINA MARIA,24617,Regional NE-S,AL,LOJA,94534,NSPA SAB LIQ PERF CPO CER/ROUGE V2 250ml,BOT,SABONETE CORPO,CORPO,BOLETO TURBINADO BOT C13'26,NATIVA SPA,Não,3,0,0.00%,0,INTERIOR
Ciclo 13 - 2026,10258 - CP ALCINA MARIA,24303,Regional NE-S,AL,LOJA,94534,NSPA SAB LIQ PERF CPO CER/ROUGE V2 250ml,BOT,SABONETE CORPO,CORPO,BOLETO TURBINADO BOT C13'26,NATIVA SPA,Não,3,0,0.00%,0,INTERIOR
Ciclo 13 - 2026,10258 - CP ALCINA MARIA,24617,Regional NE-S,AL,LOJA,94631,BOTIK CR NUTR FIR ROS/PESC R/SIL PRM 10g,BOT,SUPORTE À VENDA,PRM,BOLETO PROMOCIONAL BOT C13'26,BOTIK,Não,21,15,0.00%,15,INTERIOR
Ciclo 13 - 2026,10258 - CP ALCINA MARIA,24671,Regional NE-S,AL,LOJA,94631,BOTIK CR NUTR FIR ROS/PESC R/SIL PRM 10g,BOT,SUPORTE À VENDA,PRM,BOLETO PROMOCIONAL BOT C13'26,BOTIK,Não,51,15,26.67%,15,INTERIOR
Ciclo 13 - 2026,10258 - CP ALCINA MARIA,24303,Regional NE-S,AL,LOJA,94631,BOTIK CR NUTR FIR ROS/PESC R/SIL PRM 10g,BOT,SUPORTE À VENDA,PRM,BOLETO PROMOCIONAL BOT C13'26,BOTIK,Não,62,62,12.90%,62,INTERIOR
Ciclo 13 - 2026,10258 - CP ALCINA MARIA,24670,Regional NE-S,AL,LOJA,94631,BOTIK CR NUTR FIR ROS/PESC R/SIL PRM 10g,BOT,SUPORTE À VENDA,PRM,BOLETO PROMOCIONAL BOT C13'26,BOTIK,Não,45,10,40.00%,10,INTERIOR
Ciclo 13 - 2026,10258 - CP ALCINA MARIA,24669,Regional NE-S,AL,LOJA,94631,BOTIK CR NUTR FIR ROS/PESC R/SIL PRM 10g,BOT,SUPORTE À VENDA,PRM,BOLETO PROMOCIONAL BOT C13'26,BOTIK,Não,67,0,0.00%,0,INTERIOR
Ciclo 13 - 2026,10258 - CP ALCINA MARIA,24668,Regional NE-S,AL,LOJA,94631,BOTIK CR NUTR FIR ROS/PESC R/SIL PRM 10g,BOT,SUPORTE À VENDA,PRM,BOLETO PROMOCIONAL BOT C13'26,BOTIK,Não,73,15,13.33%,15,INTERIOR
Ciclo 13 - 2026,10258 - CP ALCINA MARIA,24671,Regional NE-S,AL,LOJA,95405,PMPCK LILY DES B/SPR LEAU/LILY BLANC,BOT,DESODORANTES,DESODORANTE FEMININO,LANÇAMENTO PROMOPACK,ESSENCE,Não,10,10,40.00%,10,INTERIOR
Ciclo 13 - 2026,10258 - CP ALCINA MARIA,24670,Regional NE-S,AL,LOJA,95405,PMPCK LILY DES B/SPR LEAU/LILY BLANC,BOT,DESODORANTES,DESODORANTE FEMININO,LANÇAMENTO PROMOPACK,ESSENCE,Não,12,12,25.00%,12,INTERIOR
Ciclo 13 - 2026,10258 - CP ALCINA MARIA,24669,Regional NE-S,AL,LOJA,95405,PMPCK LILY DES B/SPR LEAU/LILY BLANC,BOT,DESODORANTES,DESODORANTE FEMININO,LANÇAMENTO PROMOPACK,ESSENCE,Não,9,9,55.56%,9,INTERIOR
Ciclo 13 - 2026,10258 - CP ALCINA MARIA,24668,Regional NE-S,AL,LOJA,95405,PMPCK LILY DES B/SPR LEAU/LILY BLANC,BOT,DESODORANTES,DESODORANTE FEMININO,LANÇAMENTO PROMOPACK,ESSENCE,Não,16,16,68.75%,16,INTERIOR
Ciclo 13 - 2026,10258 - CP ALCINA MARIA,24617,Regional NE-S,AL,LOJA,95405,PMPCK LILY DES B/SPR LEAU/LILY BLANC,BOT,DESODORANTES,DESODORANTE FEMININO,LANÇAMENTO PROMOPACK,ESSENCE,Não,3,3,100.00%,3,INTERIOR
Ciclo 13 - 2026,10258 - CP ALCINA MARIA,24303,Regional NE-S,AL,LOJA,95405,PMPCK LILY DES B/SPR LEAU/LILY BLANC,BOT,DESODORANTES,DESODORANTE FEMININO,LANÇAMENTO PROMOPACK,ESSENCE,Não,3,3,100.00%,3,INTERIOR
Ciclo 13 - 2026,10258 - CP ALCINA MARIA,24303,Regional NE-S,AL,LOJA,95795,NSPA CR PERF DES HID CPO AMEIX/INT 400ml,BOT,CUIDADOS COM A PELE,CUIDADOS COM O CORPO,LANÇAMENTO NSPA AMEIXA INTENSA,NATIVA SPA,Não,10,10,66.67%,9,INTERIOR
Ciclo 13 - 2026,10258 - CP ALCINA MARIA,24668,Regional NE-S,AL,LOJA,95795,NSPA CR PERF DES HID CPO AMEIX/INT 400ml,BOT,CUIDADOS COM A PELE,CUIDADOS COM O CORPO,LANÇAMENTO NSPA AMEIXA INTENSA,NATIVA SPA,Não,48,48,33.33%,42,INTERIOR
Ciclo 13 - 2026,10258 - CP ALCINA MARIA,24669,Regional NE-S,AL,LOJA,95795,NSPA CR PERF DES HID CPO AMEIX/INT 400ml,BOT,CUIDADOS COM A PELE,CUIDADOS COM O CORPO,LANÇAMENTO NSPA AMEIXA INTENSA,NATIVA SPA,Não,28,28,37.50%,24,INTERIOR
Ciclo 13 - 2026,10258 - CP ALCINA MARIA,24617,Regional NE-S,AL,LOJA,95795,NSPA CR PERF DES HID CPO AMEIX/INT 400ml,BOT,CUIDADOS COM A PELE,CUIDADOS COM O CORPO,LANÇAMENTO NSPA AMEIXA INTENSA,NATIVA SPA,Não,4,4,25.00%,4,INTERIOR
Ciclo 13 - 2026,10258 - CP ALCINA MARIA,24671,Regional NE-S,AL,LOJA,95795,NSPA CR PERF DES HID CPO AMEIX/INT 400ml,BOT,CUIDADOS COM A PELE,CUIDADOS COM O CORPO,LANÇAMENTO NSPA AMEIXA INTENSA,NATIVA SPA,Não,29,29,40.00%,25,INTERIOR
Ciclo 13 - 2026,10258 - CP ALCINA MARIA,24670,Regional NE-S,AL,LOJA,95795,NSPA CR PERF DES HID CPO AMEIX/INT 400ml,BOT,CUIDADOS COM A PELE,CUIDADOS COM O CORPO,LANÇAMENTO NSPA AMEIXA INTENSA,NATIVA SPA,Não,36,36,46.88%,32,INTERIOR
Ciclo 13 - 2026,10258 - CP ALCINA MARIA,24671,Regional NE-S,AL,LOJA,95797,REF NSPA CR PERF DES HID CP AM/INT 350ml,BOT,CUIDADOS COM A PELE,CUIDADOS COM O CORPO,LANÇAMENTO NSPA AMEIXA INTENSA,NATIVA SPA,Não,7,7,57.14%,7,INTERIOR
Ciclo 13 - 2026,10258 - CP ALCINA MARIA,24303,Regional NE-S,AL,LOJA,95797,REF NSPA CR PERF DES HID CP AM/INT 350ml,BOT,CUIDADOS COM A PELE,CUIDADOS COM O CORPO,LANÇAMENTO NSPA AMEIXA INTENSA,NATIVA SPA,Não,3,4,66.67%,3,INTERIOR
Ciclo 13 - 2026,10258 - CP ALCINA MARIA,24668,Regional NE-S,AL,LOJA,95797,REF NSPA CR PERF DES HID CP AM/INT 350ml,BOT,CUIDADOS COM A PELE,CUIDADOS COM O CORPO,LANÇAMENTO NSPA AMEIXA INTENSA,NATIVA SPA,Não,12,12,27.27%,11,INTERIOR
Ciclo 13 - 2026,10258 - CP ALCINA MARIA,24617,Regional NE-S,AL,LOJA,95797,REF NSPA CR PERF DES HID CP AM/INT 350ml,BOT,CUIDADOS COM A PELE,CUIDADOS COM O CORPO,LANÇAMENTO NSPA AMEIXA INTENSA,NATIVA SPA,Não,3,3,66.67%,3,INTERIOR
Ciclo 13 - 2026,10258 - CP ALCINA MARIA,24669,Regional NE-S,AL,LOJA,95797,REF NSPA CR PERF DES HID CP AM/INT 350ml,BOT,CUIDADOS COM A PELE,CUIDADOS COM O CORPO,LANÇAMENTO NSPA AMEIXA INTENSA,NATIVA SPA,Não,7,7,57.14%,7,INTERIOR
Ciclo 13 - 2026,10258 - CP ALCINA MARIA,24670,Regional NE-S,AL,LOJA,95797,REF NSPA CR PERF DES HID CP AM/INT 350ml,BOT,CUIDADOS COM A PELE,CUIDADOS COM O CORPO,LANÇAMENTO NSPA AMEIXA INTENSA,NATIVA SPA,Não,9,9,25.00%,8,INTERIOR
Ciclo 13 - 2026,10258 - CP ALCINA MARIA,24668,Regional NE-S,AL,LOJA,95798,NSPA CR PERF DES HID CP AMEIX/INT 180ml,BOT,CUIDADOS COM A PELE,CUIDADOS COM O CORPO,LANÇAMENTO NSPA AMEIXA INTENSA,NATIVA SPA,Não,33,33,33.33%,33,INTERIOR
Ciclo 13 - 2026,10258 - CP ALCINA MARIA,24669,Regional NE-S,AL,LOJA,95798,NSPA CR PERF DES HID CP AMEIX/INT 180ml,BOT,CUIDADOS COM A PELE,CUIDADOS COM O CORPO,LANÇAMENTO NSPA AMEIXA INTENSA,NATIVA SPA,Não,19,19,52.63%,19,INTERIOR
Ciclo 13 - 2026,10258 - CP ALCINA MARIA,24303,Regional NE-S,AL,LOJA,95798,NSPA CR PERF DES HID CP AMEIX/INT 180ml,BOT,CUIDADOS COM A PELE,CUIDADOS COM O CORPO,LANÇAMENTO NSPA AMEIXA INTENSA,NATIVA SPA,Não,7,7,57.14%,7,INTERIOR
Ciclo 13 - 2026,10258 - CP ALCINA MARIA,24617,Regional NE-S,AL,LOJA,95798,NSPA CR PERF DES HID CP AMEIX/INT 180ml,BOT,CUIDADOS COM A PELE,CUIDADOS COM O CORPO,LANÇAMENTO NSPA AMEIXA INTENSA,NATIVA SPA,Não,3,3,100.00%,3,INTERIOR
Ciclo 13 - 2026,10258 - CP ALCINA MARIA,24670,Regional NE-S,AL,LOJA,95798,NSPA CR PERF DES HID CP AMEIX/INT 180ml,BOT,CUIDADOS COM A PELE,CUIDADOS COM O CORPO,LANÇAMENTO NSPA AMEIXA INTENSA,NATIVA SPA,Não,25,25,40.00%,25,INTERIOR
Ciclo 13 - 2026,10258 - CP ALCINA MARIA,24671,Regional NE-S,AL,LOJA,95798,NSPA CR PERF DES HID CP AMEIX/INT 180ml,BOT,CUIDADOS COM A PELE,CUIDADOS COM O CORPO,LANÇAMENTO NSPA AMEIXA INTENSA,NATIVA SPA,Não,20,20,10.00%,20,INTERIOR
Ciclo 13 - 2026,10258 - CP ALCINA MARIA,24668,Regional NE-S,AL,LOJA,95801,NSPA OL GLOR DES HID CPO AMEIX/INT 200ml,BOT,ÓLEOS,CUIDADOS COM O CORPO,LANÇAMENTO NSPA AMEIXA INTENSA,NATIVA SPA,Não,20,20,35.00%,20,INTERIOR
Ciclo 13 - 2026,10258 - CP ALCINA MARIA,24617,Regional NE-S,AL,LOJA,95801,NSPA OL GLOR DES HID CPO AMEIX/INT 200ml,BOT,ÓLEOS,CUIDADOS COM O CORPO,LANÇAMENTO NSPA AMEIXA INTENSA,NATIVA SPA,Não,3,3,66.67%,3,INTERIOR
Ciclo 13 - 2026,10258 - CP ALCINA MARIA,24303,Regional NE-S,AL,LOJA,95801,NSPA OL GLOR DES HID CPO AMEIX/INT 200ml,BOT,ÓLEOS,CUIDADOS COM O CORPO,LANÇAMENTO NSPA AMEIXA INTENSA,NATIVA SPA,Não,7,7,85.71%,7,INTERIOR
Ciclo 13 - 2026,10258 - CP ALCINA MARIA,24669,Regional NE-S,AL,LOJA,95801,NSPA OL GLOR DES HID CPO AMEIX/INT 200ml,BOT,ÓLEOS,CUIDADOS COM O CORPO,LANÇAMENTO NSPA AMEIXA INTENSA,NATIVA SPA,Não,13,13,23.08%,13,INTERIOR
Ciclo 13 - 2026,10258 - CP ALCINA MARIA,24671,Regional NE-S,AL,LOJA,95801,NSPA OL GLOR DES HID CPO AMEIX/INT 200ml,BOT,ÓLEOS,CUIDADOS COM O CORPO,LANÇAMENTO NSPA AMEIXA INTENSA,NATIVA SPA,Não,13,13,7.69%,13,INTERIOR
Ciclo 13 - 2026,10258 - CP ALCINA MARIA,24670,Regional NE-S,AL,LOJA,95801,NSPA OL GLOR DES HID CPO AMEIX/INT 200ml,BOT,ÓLEOS,CUIDADOS COM O CORPO,LANÇAMENTO NSPA AMEIXA INTENSA,NATIVA SPA,Não,16,16,31.25%,16,INTERIOR
Ciclo 13 - 2026,10258 - CP ALCINA MARIA,24617,Regional NE-S,AL,LOJA,95802,NSPA ACUC ESF CPO AMEIX/INT 180g,BOT,CUIDADOS COM A PELE,CUIDADOS COM O CORPO,LANÇAMENTO NSPA AMEIXA INTENSA,NATIVA SPA,Não,3,3,66.67%,3,INTERIOR
Ciclo 13 - 2026,10258 - CP ALCINA MARIA,24671,Regional NE-S,AL,LOJA,95802,NSPA ACUC ESF CPO AMEIX/INT 180g,BOT,CUIDADOS COM A PELE,CUIDADOS COM O CORPO,LANÇAMENTO NSPA AMEIXA INTENSA,NATIVA SPA,Não,10,10,0.00%,10,INTERIOR
Ciclo 13 - 2026,10258 - CP ALCINA MARIA,24670,Regional NE-S,AL,LOJA,95802,NSPA ACUC ESF CPO AMEIX/INT 180g,BOT,CUIDADOS COM A PELE,CUIDADOS COM O CORPO,LANÇAMENTO NSPA AMEIXA INTENSA,NATIVA SPA,Não,11,11,18.18%,11,INTERIOR
Ciclo 13 - 2026,10258 - CP ALCINA MARIA,24669,Regional NE-S,AL,LOJA,95802,NSPA ACUC ESF CPO AMEIX/INT 180g,BOT,CUIDADOS COM A PELE,CUIDADOS COM O CORPO,LANÇAMENTO NSPA AMEIXA INTENSA,NATIVA SPA,Não,9,9,11.11%,9,INTERIOR
Ciclo 13 - 2026,10258 - CP ALCINA MARIA,24668,Regional NE-S,AL,LOJA,95802,NSPA ACUC ESF CPO AMEIX/INT 180g,BOT,CUIDADOS COM A PELE,CUIDADOS COM O CORPO,LANÇAMENTO NSPA AMEIXA INTENSA,NATIVA SPA,Não,14,14,7.14%,14,INTERIOR
Ciclo 13 - 2026,10258 - CP ALCINA MARIA,24303,Regional NE-S,AL,LOJA,95802,NSPA ACUC ESF CPO AMEIX/INT 180g,BOT,CUIDADOS COM A PELE,CUIDADOS COM O CORPO,LANÇAMENTO NSPA AMEIXA INTENSA,NATIVA SPA,Não,6,6,16.67%,6,INTERIOR
Ciclo 13 - 2026,10258 - CP ALCINA MARIA,24670,Regional NE-S,AL,LOJA,95803,NSPA SAB BARRA CP AMEIX/INT 90g,BOT,SABONETE CORPO,CORPO,LANÇAMENTO NSPA AMEIXA INTENSA,NATIVA SPA,Não,42,42,33.33%,42,INTERIOR
Ciclo 13 - 2026,10258 - CP ALCINA MARIA,24671,Regional NE-S,AL,LOJA,95803,NSPA SAB BARRA CP AMEIX/INT 90g,BOT,SABONETE CORPO,CORPO,LANÇAMENTO NSPA AMEIXA INTENSA,NATIVA SPA,Não,34,34,23.53%,34,INTERIOR
Ciclo 13 - 2026,10258 - CP ALCINA MARIA,24617,Regional NE-S,AL,LOJA,95803,NSPA SAB BARRA CP AMEIX/INT 90g,BOT,SABONETE CORPO,CORPO,LANÇAMENTO NSPA AMEIXA INTENSA,NATIVA SPA,Não,5,5,100.00%,5,INTERIOR
Ciclo 13 - 2026,10258 - CP ALCINA MARIA,24669,Regional NE-S,AL,LOJA,95803,NSPA SAB BARRA CP AMEIX/INT 90g,BOT,SABONETE CORPO,CORPO,LANÇAMENTO NSPA AMEIXA INTENSA,NATIVA SPA,Não,33,33,30.30%,33,INTERIOR
Ciclo 13 - 2026,10258 - CP ALCINA MARIA,24668,Regional NE-S,AL,LOJA,95803,NSPA SAB BARRA CP AMEIX/INT 90g,BOT,SABONETE CORPO,CORPO,LANÇAMENTO NSPA AMEIXA INTENSA,NATIVA SPA,Não,55,55,47.27%,55,INTERIOR
Ciclo 13 - 2026,10258 - CP ALCINA MARIA,24303,Regional NE-S,AL,LOJA,95803,NSPA SAB BARRA CP AMEIX/INT 90g,BOT,SABONETE CORPO,CORPO,LANÇAMENTO NSPA AMEIXA INTENSA,NATIVA SPA,Não,14,14,50.00%,14,INTERIOR
Ciclo 13 - 2026,10258 - CP ALCINA MARIA,24671,Regional NE-S,AL,LOJA,96398,HER CODE CR AVELUD DES HID CP CLIMX 200g,BOT,CUIDADOS COM A PELE,CUIDADOS COM O CORPO,LANÇAMENTO EXTENSÕES HER CODE,HER CODE,Não,9,9,0.00%,9,INTERIOR
Ciclo 13 - 2026,10258 - CP ALCINA MARIA,24670,Regional NE-S,AL,LOJA,96398,HER CODE CR AVELUD DES HID CP CLIMX 200g,BOT,CUIDADOS COM A PELE,CUIDADOS COM O CORPO,LANÇAMENTO EXTENSÕES HER CODE,HER CODE,Não,10,10,0.00%,10,INTERIOR
Ciclo 13 - 2026,10258 - CP ALCINA MARIA,24669,Regional NE-S,AL,LOJA,96398,HER CODE CR AVELUD DES HID CP CLIMX 200g,BOT,CUIDADOS COM A PELE,CUIDADOS COM O CORPO,LANÇAMENTO EXTENSÕES HER CODE,HER CODE,Não,8,8,0.00%,8,INTERIOR
Ciclo 13 - 2026,10258 - CP ALCINA MARIA,24668,Regional NE-S,AL,LOJA,96398,HER CODE CR AVELUD DES HID CP CLIMX 200g,BOT,CUIDADOS COM A PELE,CUIDADOS COM O CORPO,LANÇAMENTO EXTENSÕES HER CODE,HER CODE,Não,12,12,0.00%,12,INTERIOR
Ciclo 13 - 2026,10258 - CP ALCINA MARIA,24617,Regional NE-S,AL,LOJA,96398,HER CODE CR AVELUD DES HID CP CLIMX 200g,BOT,CUIDADOS COM A PELE,CUIDADOS COM O CORPO,LANÇAMENTO EXTENSÕES HER CODE,HER CODE,Não,3,4,0.00%,4,INTERIOR
Ciclo 13 - 2026,10258 - CP ALCINA MARIA,24303,Regional NE-S,AL,LOJA,96398,HER CODE CR AVELUD DES HID CP CLIMX 200g,BOT,CUIDADOS COM A PELE,CUIDADOS COM O CORPO,LANÇAMENTO EXTENSÕES HER CODE,HER CODE,Não,6,6,0.00%,6,INTERIOR
Ciclo 13 - 2026,10258 - CP ALCINA MARIA,24303,Regional NE-S,AL,LOJA,96399,HER CODE CR AVELD DES HID CP TOUCH 200g,BOT,CUIDADOS COM A PELE,CUIDADOS COM O CORPO,LANÇAMENTO EXTENSÕES HER CODE,HER CODE,Não,6,6,66.67%,6,INTERIOR
Ciclo 13 - 2026,10258 - CP ALCINA MARIA,24671,Regional NE-S,AL,LOJA,96399,HER CODE CR AVELD DES HID CP TOUCH 200g,BOT,CUIDADOS COM A PELE,CUIDADOS COM O CORPO,LANÇAMENTO EXTENSÕES HER CODE,HER CODE,Não,6,6,50.00%,6,INTERIOR
Ciclo 13 - 2026,10258 - CP ALCINA MARIA,24670,Regional NE-S,AL,LOJA,96399,HER CODE CR AVELD DES HID CP TOUCH 200g,BOT,CUIDADOS COM A PELE,CUIDADOS COM O CORPO,LANÇAMENTO EXTENSÕES HER CODE,HER CODE,Não,7,7,42.86%,7,INTERIOR
Ciclo 13 - 2026,10258 - CP ALCINA MARIA,24669,Regional NE-S,AL,LOJA,96399,HER CODE CR AVELD DES HID CP TOUCH 200g,BOT,CUIDADOS COM A PELE,CUIDADOS COM O CORPO,LANÇAMENTO EXTENSÕES HER CODE,HER CODE,Não,6,6,0.00%,6,INTERIOR
Ciclo 13 - 2026,10258 - CP ALCINA MARIA,24668,Regional NE-S,AL,LOJA,96399,HER CODE CR AVELD DES HID CP TOUCH 200g,BOT,CUIDADOS COM A PELE,CUIDADOS COM O CORPO,LANÇAMENTO EXTENSÕES HER CODE,HER CODE,Não,8,8,25.00%,8,INTERIOR
Ciclo 13 - 2026,10258 - CP ALCINA MARIA,24617,Regional NE-S,AL,LOJA,96399,HER CODE CR AVELD DES HID CP TOUCH 200g,BOT,CUIDADOS COM A PELE,CUIDADOS COM O CORPO,LANÇAMENTO EXTENSÕES HER CODE,HER CODE,Não,3,4,0.00%,4,INTERIOR