Listar Por Lojas;Quebrar Por Forma de pagamento;GMV-GMV;GMV-Boleto médio;GMV-Qtd de boletos;GMV-Itens por boleto;Meta receita-Receita com Estoque Externo;Meta receita-Meta receita;Meta receita-Atingimento;Meta receita-Crescimento ano anterior;Meta receita-Receita Estoque Externo;Meta receita-Participação receita Estoque Externo;Meta complementar-Meta boleto médio;Meta complementar-Atingimento meta boleto médio;Meta complementar-Meta itens por boleto;Meta complementar-Atingimento itens por boleto;Valores de vendas-Receita líquida;Valores de vendas-Receita líquida (-) trocas;Valores de vendas-B1;Fidelidade-Qtd de boletos;Fidelidade-Penetração boletos;Descontos-Total de descontos;Trocas-Trocas;Trocas-Qtd de trocas;Cartão presente-Recarga;Quantitativo-B1
24303 - ACQUA DISTRIBUIDORA DE PERFUMES E COMETICOS LTDA;Sem Identificação;0,00;0,00;0,00;0,00;;;;;;;;;;;0,00;0,00;0,00;0,00;0,00;0,00;0,00;0,00;0,00;0,00
24303 - ACQUA DISTRIBUIDORA DE PERFUMES E COMETICOS LTDA;1 - DINHEIRO;4.783,94;167,98;28,48;1,94;;;;;;;;;;;4.784,22;4.784,22;966,92;32,91;83,36;1.740,86;0,00;0,00;0,00;18,57
24303 - ACQUA DISTRIBUIDORA DE PERFUMES E COMETICOS LTDA;22 - TEF CREDITO;24.579,72;255,67;96,14;2,92;;;;;;;;;;;24.580,62;24.580,62;1.385,22;92,14;95,84;8.542,75;0,00;0,00;0,00;10,00
24303 - ACQUA DISTRIBUIDORA DE PERFUMES E COMETICOS LTDA;23 - TEF DEBITO;2.990,93;209,16;14,30;2,84;;;;;;;;;;;2.991,07;2.991,07;50,00;13,30;93,01;1.601,30;0,00;0,00;0,00;1,00
24303 - ACQUA DISTRIBUIDORA DE PERFUMES E COMETICOS LTDA;24 - POS CREDITO;178,22;178,22;1,00;4,00;;;;;;;;;;;178,22;178,22;0,00;1,00;100,00;90,38;0,00;0,00;0,00;0,00
24303 - ACQUA DISTRIBUIDORA DE PERFUMES E COMETICOS LTDA;26 - PIX NO PDV;5.616,21;207,39;27,08;2,59;;;;;;;;;;;5.616,42;5.616,42;74,89;24,65;91,03;1.416,70;0,00;0,00;0,00;0,43
24303 - ACQUA DISTRIBUIDORA DE PERFUMES E COMETICOS LTDA;36 - OMNI;0,00;0,00;0,00;0,00;;;;;;;;;;;1.063,01;1.063,01;380,87;11,00;100,00;254,73;0,00;0,00;0,00;5,00
24617 - ACQUA DISTRIBUIDORA DE PERFUMES E COSMETICOS LTDA;Sem Identificação;0,00;0,00;0,00;0,00;;;;;;;;;;;0,00;0,00;0,00;0,00;0,00;0,00;0,00;0,00;0,00;0,00
24617 - ACQUA DISTRIBUIDORA DE PERFUMES E COSMETICOS LTDA;1 - DINHEIRO;2.163,61;122,24;17,70;1,95;;;;;;;;;;;2.163,67;2.163,67;462,40;17,70;100,00;816,24;0,00;0,00;0,00;7,00
24617 - ACQUA DISTRIBUIDORA DE PERFUMES E COSMETICOS LTDA;22 - TEF CREDITO;16.382,32;230,12;71,19;2,95;;;;;;;;;;;16.382,63;16.382,63;1.646,43;69,19;97,19;4.280,33;0,00;0,00;0,00;12,00
24617 - ACQUA DISTRIBUIDORA DE PERFUMES E COSMETICOS LTDA;23 - TEF DEBITO;2.077,23;124,76;16,65;1,82;;;;;;;;;;;2.077,29;2.077,29;591,40;15,65;93,99;438,41;0,00;0,00;0,00;6,00
24617 - ACQUA DISTRIBUIDORA DE PERFUMES E COSMETICOS LTDA;26 - PIX NO PDV;3.842,93;142,07;27,05;1,93;;;;;;;;;;;3.843,00;3.843,00;1.051,81;27,05;100,00;1.145,09;0,00;0,00;0,00;9,00
24617 - ACQUA DISTRIBUIDORA DE PERFUMES E COSMETICOS LTDA;32 - VALE PRESENTE;30,00;75,00;0,40;2,00;;;;;;;;;;;30,00;30,00;0,00;0,40;100,00;28,71;0,00;0,00;0,00;0,00
24668 - ACQUA DISTRIBUIDORA DE PERFUMES E COSMETICOS LTDA;Sem Identificação;0,00;0,00;0,00;0,00;;;;;;;;;;;0,00;0,00;0,00;0,00;0,00;0,00;0,00;0,00;0,00;0,00
24668 - ACQUA DISTRIBUIDORA DE PERFUMES E COSMETICOS LTDA;1 - DINHEIRO;15.861,93;154,48;102,68;1,89;;;;;;;;;;;15.862,61;15.862,61;5.599,68;155,68;91,75;4.780,39;0,00;0,00;0,00;118,28
24668 - ACQUA DISTRIBUIDORA DE PERFUMES E COSMETICOS LTDA;22 - TEF CREDITO;51.642,74;208,22;248,02;2,75;;;;;;;;;;;51.642,78;51.642,78;7.781,54;232,02;93,55;12.804,55;0,00;0,00;0,00;58,83
24668 - ACQUA DISTRIBUIDORA DE PERFUMES E COSMETICOS LTDA;23 - TEF DEBITO;9.365,03;183,63;51,00;2,54;;;;;;;;;;;9.365,04;9.365,04;2.010,73;48,00;94,12;1.875,19;0,00;0,00;0,00;19,44
24668 - ACQUA DISTRIBUIDORA DE PERFUMES E COSMETICOS LTDA;24 - POS CREDITO;2.551,12;255,11;10,00;4,10;;;;;;;;;;;2.551,12;2.551,12;67,92;10,00;100,00;1.006,55;0,00;0,00;0,00;1,00
24668 - ACQUA DISTRIBUIDORA DE PERFUMES E COSMETICOS LTDA;25 - POS DEBITO;546,90;273,45;2,00;2,00;;;;;;;;;;;546,90;546,90;52,90;1,00;50,00;41,00;0,00;0,00;0,00;1,00
24668 - ACQUA DISTRIBUIDORA DE PERFUMES E COSMETICOS LTDA;26 - PIX NO PDV;12.291,10;145,37;84,55;2,06;;;;;;;;;;;12.291,12;12.291,12;4.211,51;76,49;90,47;3.116,67;0,00;0,00;0,00;36,86
24668 - ACQUA DISTRIBUIDORA DE PERFUMES E COSMETICOS LTDA;30 - VALE TROCA;-0,01;0,00;3,28;1,74;;;;;;;;;;;810,19;-0,01;359,72;2,34;71,34;68,06;810,21;5,00;0,00;1,58
24668 - ACQUA DISTRIBUIDORA DE PERFUMES E COSMETICOS LTDA;36 - OMNI;0,00;0,00;0,00;0,00;;;;;;;;;;;3.056,33;3.056,33;1.431,81;1,00;4,35;707,51;0,00;0,00;0,00;13,00
24668 - ACQUA DISTRIBUIDORA DE PERFUMES E COSMETICOS LTDA;37 - Pix Bancário;1.548,70;282,61;5,48;2,63;;;;;;;;;;;1.548,71;1.548,71;106,90;3,48;63,50;482,75;0,00;0,00;0,00;1,00
24669 - ACQUA DISTRIBUIDORA DE PERFUMES E COSMETICOS LTDA;Sem Identificação;0,00;0,00;0,00;0,00;;;;;;;;;;;0,00;0,00;0,00;0,00;0,00;0,00;0,00;0,00;0,00;0,00
24669 - ACQUA DISTRIBUIDORA DE PERFUMES E COSMETICOS LTDA;1 - DINHEIRO;9.774,28;175,86;55,58;2,38;;;;;;;;;;;9.774,71;9.774,71;1.785,45;95,58;97,95;4.286,90;0,00;0,00;196,00;59,00
24669 - ACQUA DISTRIBUIDORA DE PERFUMES E COSMETICOS LTDA;22 - TEF CREDITO;35.389,10;241,98;146,25;2,98;;;;;;;;;;;35.389,23;35.389,23;4.587,94;146,25;100,00;11.632,03;0,00;0,00;0,00;36,97
24669 - ACQUA DISTRIBUIDORA DE PERFUMES E COSMETICOS LTDA;23 - TEF DEBITO;5.451,47;168,10;32,43;2,46;;;;;;;;;;;5.451,49;5.451,49;885,91;32,43;100,00;1.462,87;0,00;0,00;0,00;8,02
24669 - ACQUA DISTRIBUIDORA DE PERFUMES E COSMETICOS LTDA;24 - POS CREDITO;2.535,63;281,74;9,00;4,22;;;;;;;;;;;2.535,66;2.535,66;0,00;9,00;100,00;1.775,64;0,00;0,00;0,00;0,00
24669 - ACQUA DISTRIBUIDORA DE PERFUMES E COSMETICOS LTDA;26 - PIX NO PDV;9.366,54;173,20;54,08;2,58;;;;;;;;;;;9.366,55;9.366,55;2.138,30;53,08;98,15;2.421,88;0,00;0,00;0,00;20,00
24669 - ACQUA DISTRIBUIDORA DE PERFUMES E COSMETICOS LTDA;29 - CREDIARIO;808,73;269,58;3,00;3,00;;;;;;;;;;;808,73;808,73;215,94;3,00;100,00;425,37;0,00;0,00;0,00;1,00
24669 - ACQUA DISTRIBUIDORA DE PERFUMES E COSMETICOS LTDA;30 - VALE TROCA;0,00;0,00;2,95;1,33;;;;;;;;;;;324,70;0,00;159,80;2,95;100,00;144,89;324,70;3,00;0,00;2,00
24669 - ACQUA DISTRIBUIDORA DE PERFUMES E COSMETICOS LTDA;32 - VALE PRESENTE;150,00;211,27;0,71;2,00;;;;;;;;;;;150,00;150,00;0,00;0,71;100,00;31,31;0,00;0,00;0,00;0,00
24669 - ACQUA DISTRIBUIDORA DE PERFUMES E COSMETICOS LTDA;36 - OMNI;80,00;80,00;1,00;3,00;;;;;;;;;;;765,20;765,20;467,54;1,00;11,11;312,52;0,00;0,00;0,00;5,00
24669 - ACQUA DISTRIBUIDORA DE PERFUMES E COSMETICOS LTDA;37 - Pix Bancário;733,69;122,28;6,00;2,17;;;;;;;;;;;733,69;733,69;39,90;6,00;100,00;763,01;0,00;0,00;0,00;2,00
24670 - ACQUA DISTRIBUIDORA DE PERFUMES E COSMETICOS LTDA;Sem Identificação;0,00;0,00;0,00;0,00;;;;;;;;;;;0,00;0,00;0,00;0,00;0,00;0,00;0,00;0,00;0,00;0,00
24670 - ACQUA DISTRIBUIDORA DE PERFUMES E COSMETICOS LTDA;1 - DINHEIRO;9.013,63;169,75;53,10;2,06;;;;;;;;;;;9.014,20;9.014,20;3.023,12;94,10;94,95;3.964,29;0,00;0,00;0,00;70,71
24670 - ACQUA DISTRIBUIDORA DE PERFUMES E COSMETICOS LTDA;22 - TEF CREDITO;51.794,50;274,45;188,72;3,26;;;;;;;;;;;51.795,31;51.795,31;2.203,73;186,72;98,94;18.572,72;0,00;0,00;0,00;15,66
24670 - ACQUA DISTRIBUIDORA DE PERFUMES E COSMETICOS LTDA;23 - TEF DEBITO;4.772,56;205,27;23,25;2,05;;;;;;;;;;;4.772,66;4.772,66;1.145,80;23,25;100,00;1.254,76;0,00;0,00;0,00;8,00
24670 - ACQUA DISTRIBUIDORA DE PERFUMES E COSMETICOS LTDA;24 - POS CREDITO;140,00;140,00;1,00;1,00;;;;;;;;;;;140,00;140,00;140,00;1,00;100,00;49,90;0,00;0,00;0,00;1,00
24670 - ACQUA DISTRIBUIDORA DE PERFUMES E COSMETICOS LTDA;25 - POS DEBITO;294,80;294,80;1,00;2,00;;;;;;;;;;;294,80;294,80;0,00;1,00;100,00;10,00;0,00;0,00;0,00;0,00
24670 - ACQUA DISTRIBUIDORA DE PERFUMES E COSMETICOS LTDA;26 - PIX NO PDV;10.697,09;157,61;67,87;2,42;;;;;;;;;;;10.697,27;10.697,27;1.356,10;62,87;92,63;5.035,10;0,00;0,00;0,00;13,63
24670 - ACQUA DISTRIBUIDORA DE PERFUMES E COSMETICOS LTDA;30 - VALE TROCA;0,00;0,00;4,06;1,70;;;;;;;;;;;806,29;0,00;318,80;4,06;100,00;214,51;806,30;5,00;0,00;2,00
24670 - ACQUA DISTRIBUIDORA DE PERFUMES E COSMETICOS LTDA;36 - OMNI;250,91;250,91;1,00;1,00;;;;;;;;;;;2.147,45;2.147,45;1.227,42;15,00;100,00;225,35;0,00;0,00;0,00;9,00
24670 - ACQUA DISTRIBUIDORA DE PERFUMES E COSMETICOS LTDA;37 - Pix Bancário;319,62;106,54;3,00;2,00;;;;;;;;;;;319,62;319,62;0,00;3,00;100,00;152,38;0,00;0,00;0,00;0,00
24671 - ACQUA DISTRIBUIDORA DE PERFUMES E COSMETICOS LTDA;Sem Identificação;0,00;0,00;0,00;0,00;;;;;;;;;;;0,00;0,00;0,00;0,00;0,00;0,00;0,00;0,00;0,00;0,00
24671 - ACQUA DISTRIBUIDORA DE PERFUMES E COSMETICOS LTDA;1 - DINHEIRO;5.938,69;160,72;36,95;2,05;;;;;;;;;;;5.939,26;5.939,26;1.482,98;69,95;93,33;2.797,30;0,00;0,00;0,00;50,00
24671 - ACQUA DISTRIBUIDORA DE PERFUMES E COSMETICOS LTDA;22 - TEF CREDITO;35.765,14;253,49;141,09;3,07;;;;;;;;;;;35.766,23;35.766,23;3.355,53;139,09;98,58;13.487,83;0,00;0,00;0,00;22,00
24671 - ACQUA DISTRIBUIDORA DE PERFUMES E COSMETICOS LTDA;23 - TEF DEBITO;4.331,05;175,84;24,63;2,31;;;;;;;;;;;4.331,22;4.331,22;510,33;24,63;100,00;1.402,16;0,00;0,00;0,00;5,00
24671 - ACQUA DISTRIBUIDORA DE PERFUMES E COSMETICOS LTDA;24 - POS CREDITO;602,88;301,44;2,00;2,00;;;;;;;;;;;602,88;602,88;0,00;2,00;100,00;102,72;0,00;0,00;0,00;0,00
24671 - ACQUA DISTRIBUIDORA DE PERFUMES E COSMETICOS LTDA;26 - PIX NO PDV;8.851,62;172,21;51,40;2,46;;;;;;;;;;;8.852,07;8.852,07;563,82;49,40;96,11;3.662,29;0,00;0,00;0,00;8,00
24671 - ACQUA DISTRIBUIDORA DE PERFUMES E COSMETICOS LTDA;30 - VALE TROCA;0,00;0,00;1,92;4,09;;;;;;;;;;;267,41;0,00;0,00;1,92;100,00;224,41;267,41;2,00;0,00;0,00
24671 - ACQUA DISTRIBUIDORA DE PERFUMES E COSMETICOS LTDA;36 - OMNI;0,00;0,00;0,00;0,00;;;;;;;;;;;2.814,01;2.814,01;1.022,35;15,00;100,00;919,49;0,00;0,00;0,00;7,00
24671 - ACQUA DISTRIBUIDORA DE PERFUMES E COSMETICOS LTDA;37 - Pix Bancário;661,66;132,33;5,00;2,40;;;;;;;;;;;661,66;661,66;86,72;5,00;100,00;503,49;0,00;0,00;0,00;1,00