Listar Por Lojas;Quebrar Por Gestão estratégica;GMV-GMV;GMV-Boleto médio;GMV-Qtd de boletos;GMV-Itens por boleto;Meta receita-Receita com Estoque Externo;Meta receita-Meta receita;Meta receita-Atingimento;Meta receita-Crescimento ano anterior;Meta receita-Receita Estoque Externo;Meta receita-Participação receita Estoque Externo;Meta complementar-Meta boleto médio;Meta complementar-Atingimento meta boleto médio;Meta complementar-Meta itens por boleto;Meta complementar-Atingimento itens por boleto;Valores de vendas-Receita líquida;Valores de vendas-Receita líquida (-) trocas;Valores de vendas-B1;Fidelidade-Qtd de boletos;Fidelidade-Penetração boletos;Descontos-Total de descontos;Trocas-Trocas;Trocas-Qtd de trocas;Cartão presente-Recarga;Quantitativo-B1
24303 - ACQUA DISTRIBUIDORA DE PERFUMES E COMETICOS LTDA;11 - EMBALAGENS;83,31;67,19;1,24;5,65;;;;;;;;;;;84,42;84,42;0,00;1,17;90,00;231,93;0,00;0,00;0,00;0,00
24303 - ACQUA DISTRIBUIDORA DE PERFUMES E COMETICOS LTDA;13 - ÓLEOS;230,49;144,96;1,59;1,89;;;;;;;;;;;230,49;230,49;99,90;1,14;71,70;49,21;0,00;0,00;0,00;1,00
24303 - ACQUA DISTRIBUIDORA DE PERFUMES E COMETICOS LTDA;14 - CUIDADOS FACIAIS;140,83;485,62;0,29;6,90;;;;;;;;;;;140,83;140,83;0,00;0,29;100,00;36,97;0,00;0,00;0,00;0,00
24303 - ACQUA DISTRIBUIDORA DE PERFUMES E COMETICOS LTDA;15 - DESODORANTES;1.732,32;121,14;14,30;2,94;;;;;;;;;;;1.758,64;1.758,64;132,12;15,10;98,69;427,86;0,00;0,00;0,00;3,00
24303 - ACQUA DISTRIBUIDORA DE PERFUMES E COMETICOS LTDA;16 - INFANTIL;1.545,89;149,80;10,32;2,23;;;;;;;;;;;1.588,30;1.588,30;193,91;11,32;100,00;391,30;0,00;0,00;0,00;3,00
24303 - ACQUA DISTRIBUIDORA DE PERFUMES E COMETICOS LTDA;17 - ACESSÓRIOS;0,00;0,00;0,00;0,00;;;;;;;;;;;0,00;0,00;0,00;0,00;0,00;0,00;0,00;0,00;0,00;0,00
24303 - ACQUA DISTRIBUIDORA DE PERFUMES E COMETICOS LTDA;18 - SOLAR;0,00;0,00;0,00;0,00;;;;;;;;;;;0,00;0,00;0,00;0,00;0,00;0,00;0,00;0,00;0,00;0,00
24303 - ACQUA DISTRIBUIDORA DE PERFUMES E COMETICOS LTDA;19 - CUIDADOS COM A BARBA;67,90;67,90;1,00;1,00;;;;;;;;;;;67,90;67,90;67,90;1,00;100,00;0,00;0,00;0,00;0,00;1,00
24303 - ACQUA DISTRIBUIDORA DE PERFUMES E COMETICOS LTDA;2 - MAQUIAGEM;2.146,23;188,27;11,40;2,98;;;;;;;;;;;2.146,23;2.146,23;276,22;11,40;100,00;765,37;0,00;0,00;0,00;4,00
24303 - ACQUA DISTRIBUIDORA DE PERFUMES E COMETICOS LTDA;20 - CUIDADOS COM A PELE;2.848,08;219,76;12,96;3,24;;;;;;;;;;;3.150,92;3.150,92;138,07;16,10;91,22;707,38;0,00;0,00;0,00;2,00
24303 - ACQUA DISTRIBUIDORA DE PERFUMES E COMETICOS LTDA;21 - GIFTS;4.311,99;292,14;14,76;1,42;;;;;;;;;;;4.311,99;4.311,99;469,80;13,78;93,36;350,91;0,00;0,00;0,00;2,00
24303 - ACQUA DISTRIBUIDORA DE PERFUMES E COMETICOS LTDA;3 - PERFUMARIA;22.047,41;278,24;79,24;1,96;;;;;;;;;;;22.719,65;22.719,65;1.479,88;74,30;89,26;7.393,89;0,00;0,00;0,00;9,00
24303 - ACQUA DISTRIBUIDORA DE PERFUMES E COMETICOS LTDA;5 - CABELOS;577,30;337,60;1,71;6,43;;;;;;;;;;;577,30;577,30;0,00;1,71;100,00;106,60;0,00;0,00;0,00;0,00
24303 - ACQUA DISTRIBUIDORA DE PERFUMES E COMETICOS LTDA;6 - SUPORTE À VENDA;750,67;113,05;6,64;7,38;;;;;;;;;;;751,09;751,09;0,09;17,16;97,61;2.177,80;0,00;0,00;0,00;9,00
24303 - ACQUA DISTRIBUIDORA DE PERFUMES E COMETICOS LTDA;7 - SABONETE CORPO;1.666,60;144,54;11,53;5,29;;;;;;;;;;;1.685,80;1.685,80;0,01;10,52;88,85;1.007,50;0,00;0,00;0,00;1,00
24617 - ACQUA DISTRIBUIDORA DE PERFUMES E COSMETICOS LTDA;11 - EMBALAGENS;177,37;126,69;1,40;15,00;;;;;;;;;;;177,71;177,71;0,00;1,40;100,00;84,04;0,00;0,00;0,00;0,00
24617 - ACQUA DISTRIBUIDORA DE PERFUMES E COSMETICOS LTDA;13 - ÓLEOS;279,38;310,42;0,90;3,33;;;;;;;;;;;279,38;279,38;0,00;0,90;100,00;50,32;0,00;0,00;0,00;0,00
24617 - ACQUA DISTRIBUIDORA DE PERFUMES E COSMETICOS LTDA;14 - CUIDADOS FACIAIS;158,64;188,86;0,84;2,38;;;;;;;;;;;158,64;158,64;0,00;0,84;100,00;6,16;0,00;0,00;0,00;0,00
24617 - ACQUA DISTRIBUIDORA DE PERFUMES E COSMETICOS LTDA;15 - DESODORANTES;1.083,61;112,88;9,60;2,71;;;;;;;;;;;1.083,61;1.083,61;178,20;9,60;100,00;160,64;0,00;0,00;0,00;4,00
24617 - ACQUA DISTRIBUIDORA DE PERFUMES E COSMETICOS LTDA;16 - INFANTIL;1.696,61;172,95;9,81;2,75;;;;;;;;;;;1.696,61;1.696,61;73,90;9,81;100,00;374,69;0,00;0,00;0,00;1,00
24617 - ACQUA DISTRIBUIDORA DE PERFUMES E COSMETICOS LTDA;17 - ACESSÓRIOS;67,90;251,48;0,27;3,70;;;;;;;;;;;67,90;67,90;0,00;0,27;100,00;17,00;0,00;0,00;0,00;0,00
24617 - ACQUA DISTRIBUIDORA DE PERFUMES E COSMETICOS LTDA;18 - SOLAR;215,09;115,64;1,86;1,61;;;;;;;;;;;215,09;215,09;63,90;1,86;100,00;42,61;0,00;0,00;0,00;1,00
24617 - ACQUA DISTRIBUIDORA DE PERFUMES E COSMETICOS LTDA;19 - CUIDADOS COM A BARBA;355,67;166,20;2,14;2,34;;;;;;;;;;;355,67;355,67;74,90;2,14;100,00;26,83;0,00;0,00;0,00;1,00
24617 - ACQUA DISTRIBUIDORA DE PERFUMES E COSMETICOS LTDA;2 - MAQUIAGEM;1.993,12;116,90;17,05;1,94;;;;;;;;;;;1.993,12;1.993,12;296,30;17,05;100,00;576,58;0,00;0,00;0,00;6,00
24617 - ACQUA DISTRIBUIDORA DE PERFUMES E COSMETICOS LTDA;20 - CUIDADOS COM A PELE;3.003,57;161,48;18,60;2,90;;;;;;;;;;;3.003,57;3.003,57;89,90;18,60;100,00;1.260,03;0,00;0,00;0,00;1,00
24617 - ACQUA DISTRIBUIDORA DE PERFUMES E COSMETICOS LTDA;21 - GIFTS;1.490,07;162,85;9,15;1,20;;;;;;;;;;;1.490,07;1.490,07;617,90;9,15;100,00;188,83;0,00;0,00;0,00;4,00
24617 - ACQUA DISTRIBUIDORA DE PERFUMES E COSMETICOS LTDA;27 - CUIDADOS PETS;53,91;53,91;1,00;1,00;;;;;;;;;;;53,91;53,91;53,91;0,00;0,00;5,99;0,00;0,00;0,00;1,00
24617 - ACQUA DISTRIBUIDORA DE PERFUMES E COSMETICOS LTDA;3 - PERFUMARIA;12.265,21;262,53;46,72;1,76;;;;;;;;;;;12.265,21;12.265,21;2.143,43;45,72;97,86;2.971,59;0,00;0,00;0,00;12,00
24617 - ACQUA DISTRIBUIDORA DE PERFUMES E COSMETICOS LTDA;5 - CABELOS;166,69;129,22;1,29;2,33;;;;;;;;;;;166,69;166,69;49,90;1,29;100,00;13,01;0,00;0,00;0,00;1,00
24617 - ACQUA DISTRIBUIDORA DE PERFUMES E COSMETICOS LTDA;6 - SUPORTE À VENDA;584,44;98,56;5,93;4,55;;;;;;;;;;;584,60;584,60;49,90;5,93;100,00;683,19;0,00;0,00;0,00;1,00
24617 - ACQUA DISTRIBUIDORA DE PERFUMES E COSMETICOS LTDA;7 - SABONETE CORPO;904,82;140,94;6,42;4,52;;;;;;;;;;;904,82;904,82;59,90;5,42;84,42;247,28;0,00;0,00;0,00;1,00
24668 - ACQUA DISTRIBUIDORA DE PERFUMES E COSMETICOS LTDA;11 - EMBALAGENS;819,94;123,86;6,62;33,84;;;;;;;;;;;819,99;819,99;0,00;6,60;99,70;98,92;0,00;0,00;0,00;0,00
24668 - ACQUA DISTRIBUIDORA DE PERFUMES E COSMETICOS LTDA;13 - ÓLEOS;1.198,56;203,15;5,90;2,37;;;;;;;;;;;1.276,67;1.276,67;339,91;5,90;85,51;178,83;0,00;0,00;0,00;4,00
24668 - ACQUA DISTRIBUIDORA DE PERFUMES E COSMETICOS LTDA;14 - CUIDADOS FACIAIS;717,71;163,49;4,39;1,82;;;;;;;;;;;717,71;717,71;62,90;3,39;77,22;133,49;0,00;0,00;0,00;1,00
24668 - ACQUA DISTRIBUIDORA DE PERFUMES E COSMETICOS LTDA;15 - DESODORANTES;4.320,45;80,26;53,83;1,88;;;;;;;;;;;4.543,81;4.543,81;1.398,28;45,46;78,95;568,23;0,00;0,00;0,00;30,00
24668 - ACQUA DISTRIBUIDORA DE PERFUMES E COSMETICOS LTDA;16 - INFANTIL;4.194,04;141,50;29,64;1,65;;;;;;;;;;;4.194,04;4.194,04;1.161,74;27,87;94,03;520,06;0,00;0,00;0,00;13,00
24668 - ACQUA DISTRIBUIDORA DE PERFUMES E COSMETICOS LTDA;17 - ACESSÓRIOS;568,36;134,36;4,23;2,84;;;;;;;;;;;596,42;596,42;38,61;4,23;90,00;182,88;0,00;0,00;0,00;1,00
24668 - ACQUA DISTRIBUIDORA DE PERFUMES E COSMETICOS LTDA;18 - SOLAR;505,65;141,24;3,58;1,96;;;;;;;;;;;505,65;505,65;79,90;2,58;72,07;77,98;0,00;0,00;0,00;1,00
24668 - ACQUA DISTRIBUIDORA DE PERFUMES E COSMETICOS LTDA;19 - CUIDADOS COM A BARBA;121,45;90,63;1,34;1,49;;;;;;;;;;;121,45;121,45;55,90;1,34;100,00;16,35;0,00;0,00;0,00;1,00
24668 - ACQUA DISTRIBUIDORA DE PERFUMES E COSMETICOS LTDA;2 - MAQUIAGEM;4.020,72;125,69;31,99;1,94;;;;;;;;;;;4.020,72;4.020,72;1.037,43;29,99;93,75;1.513,08;0,00;0,00;0,00;13,00
24668 - ACQUA DISTRIBUIDORA DE PERFUMES E COSMETICOS LTDA;20 - CUIDADOS COM A PELE;8.218,40;144,97;56,69;2,22;;;;;;;;;;;8.370,75;8.324,15;1.574,48;49,81;85,57;1.513,90;46,59;0,24;0,00;19,00
24668 - ACQUA DISTRIBUIDORA DE PERFUMES E COSMETICOS LTDA;21 - GIFTS;7.525,02;281,10;26,77;1,42;;;;;;;;;;;7.659,42;7.659,42;1.994,11;23,75;85,55;741,85;0,00;0,00;0,00;11,00
24668 - ACQUA DISTRIBUIDORA DE PERFUMES E COSMETICOS LTDA;3 - PERFUMARIA;55.212,73;241,23;228,88;1,59;;;;;;;;;;;58.359,54;57.595,92;13.395,31;211,46;87,88;14.055,53;763,61;4,75;0,00;76,00
24668 - ACQUA DISTRIBUIDORA DE PERFUMES E COSMETICOS LTDA;5 - CABELOS;998,12;104,30;9,57;2,61;;;;;;;;;;;998,12;998,12;69,35;9,57;100,00;261,38;0,00;0,00;0,00;2,00
24668 - ACQUA DISTRIBUIDORA DE PERFUMES E COSMETICOS LTDA;6 - SUPORTE À VENDA;2.029,00;151,53;13,39;7,62;;;;;;;;;;;2.054,23;2.054,23;62,08;79,22;97,32;3.792,89;0,00;0,00;0,00;69,00
24668 - ACQUA DISTRIBUIDORA DE PERFUMES E COSMETICOS LTDA;7 - SABONETE CORPO;3.357,35;111,32;30,16;3,71;;;;;;;;;;;3.436,30;3.436,30;352,71;28,81;88,13;1.227,31;0,00;0,00;0,00;10,00
24669 - ACQUA DISTRIBUIDORA DE PERFUMES E COSMETICOS LTDA;Sem Identificação;0,00;0,00;0,00;0,00;;;;;;;;;;;0,00;0,00;0,00;0,00;0,00;0,00;0,00;0,00;196,00;0,00
24669 - ACQUA DISTRIBUIDORA DE PERFUMES E COSMETICOS LTDA;11 - EMBALAGENS;139,23;331,50;0,42;30,95;;;;;;;;;;;139,23;139,23;0,00;0,42;100,00;12,82;0,00;0,00;0,00;0,00
24669 - ACQUA DISTRIBUIDORA DE PERFUMES E COSMETICOS LTDA;13 - ÓLEOS;545,45;208,19;2,62;2,67;;;;;;;;;;;545,45;545,45;76,91;2,62;100,00;171,85;0,00;0,00;0,00;1,00
24669 - ACQUA DISTRIBUIDORA DE PERFUMES E COSMETICOS LTDA;14 - CUIDADOS FACIAIS;1.771,43;199,49;8,88;3,38;;;;;;;;;;;1.890,90;1.771,43;36,91;8,88;100,00;878,10;119,47;0,72;0,00;2,00
24669 - ACQUA DISTRIBUIDORA DE PERFUMES E COSMETICOS LTDA;15 - DESODORANTES;2.710,58;144,72;18,73;3,42;;;;;;;;;;;2.710,58;2.710,58;284,40;17,73;94,66;342,87;0,00;0,00;0,00;6,00
24669 - ACQUA DISTRIBUIDORA DE PERFUMES E COSMETICOS LTDA;16 - INFANTIL;3.595,73;191,98;18,73;2,83;;;;;;;;;;;3.732,87;3.732,87;465,84;18,73;90,35;643,63;0,00;0,00;0,00;5,00
24669 - ACQUA DISTRIBUIDORA DE PERFUMES E COSMETICOS LTDA;17 - ACESSÓRIOS;328,15;120,64;2,72;2,57;;;;;;;;;;;328,15;328,15;49,90;2,72;100,00;29,15;0,00;0,00;0,00;1,00
24669 - ACQUA DISTRIBUIDORA DE PERFUMES E COSMETICOS LTDA;18 - SOLAR;367,80;101,32;3,63;1,38;;;;;;;;;;;367,80;367,80;159,80;3,63;100,00;88,70;0,00;0,00;0,00;2,00
24669 - ACQUA DISTRIBUIDORA DE PERFUMES E COSMETICOS LTDA;19 - CUIDADOS COM A BARBA;337,55;151,37;2,23;2,24;;;;;;;;;;;337,55;337,55;64,90;2,23;100,00;25,95;0,00;0,00;0,00;1,00
24669 - ACQUA DISTRIBUIDORA DE PERFUMES E COSMETICOS LTDA;2 - MAQUIAGEM;6.480,02;165,18;39,23;2,57;;;;;;;;;;;6.639,82;6.480,02;1.220,04;39,23;100,00;1.991,26;159,80;2,00;0,00;15,00
24669 - ACQUA DISTRIBUIDORA DE PERFUMES E COSMETICOS LTDA;20 - CUIDADOS COM A PELE;4.490,14;147,36;30,47;2,99;;;;;;;;;;;4.817,07;4.771,64;511,44;29,47;85,49;2.294,23;45,43;0,27;0,00;7,00
24669 - ACQUA DISTRIBUIDORA DE PERFUMES E COSMETICOS LTDA;21 - GIFTS;4.325,63;250,91;17,24;1,57;;;;;;;;;;;4.325,63;4.325,63;945,34;17,24;100,00;983,67;0,00;0,00;0,00;7,00
24669 - ACQUA DISTRIBUIDORA DE PERFUMES E COSMETICOS LTDA;27 - CUIDADOS PETS;23,45;23,45;1,00;1,00;;;;;;;;;;;23,45;23,45;23,45;1,00;100,00;23,45;0,00;0,00;0,00;1,00
24669 - ACQUA DISTRIBUIDORA DE PERFUMES E COSMETICOS LTDA;3 - PERFUMARIA;34.052,02;269,57;126,32;1,88;;;;;;;;;;;34.318,58;34.318,58;6.073,58;125,32;97,66;10.785,06;0,00;0,00;0,00;36,00
24669 - ACQUA DISTRIBUIDORA DE PERFUMES E COSMETICOS LTDA;4 - HOME  CARE;464,83;211,29;2,20;2,73;;;;;;;;;;;464,83;464,83;0,00;2,20;100,00;239,57;0,00;0,00;0,00;0,00
24669 - ACQUA DISTRIBUIDORA DE PERFUMES E COSMETICOS LTDA;5 - CABELOS;823,51;96,32;8,55;4,68;;;;;;;;;;;823,51;823,51;188,25;8,55;100,00;308,49;0,00;0,00;0,00;4,00
24669 - ACQUA DISTRIBUIDORA DE PERFUMES E COSMETICOS LTDA;6 - SUPORTE À VENDA;1.838,34;150,31;12,23;8,67;;;;;;;;;;;1.838,96;1.838,96;0,42;54,23;100,00;3.835,45;0,00;0,00;0,00;42,00
24669 - ACQUA DISTRIBUIDORA DE PERFUMES E COSMETICOS LTDA;7 - SABONETE CORPO;1.995,58;126,38;15,79;3,86;;;;;;;;;;;1.995,58;1.995,58;179,60;15,79;100,00;602,18;0,00;0,00;0,00;4,00
24670 - ACQUA DISTRIBUIDORA DE PERFUMES E COSMETICOS LTDA;11 - EMBALAGENS;335,42;145,83;2,30;35,65;;;;;;;;;;;344,68;344,68;0,00;2,50;100,00;146,49;0,00;0,00;0,00;0,00
24670 - ACQUA DISTRIBUIDORA DE PERFUMES E COSMETICOS LTDA;13 - ÓLEOS;1.083,71;261,13;4,15;2,89;;;;;;;;;;;1.083,71;1.083,71;91,90;4,15;100,00;190,09;0,00;0,00;0,00;1,00
24670 - ACQUA DISTRIBUIDORA DE PERFUMES E COSMETICOS LTDA;14 - CUIDADOS FACIAIS;1.774,69;262,92;6,75;2,96;;;;;;;;;;;1.774,69;1.774,69;79,00;6,75;100,00;355,31;0,00;0,00;0,00;1,00
24670 - ACQUA DISTRIBUIDORA DE PERFUMES E COSMETICOS LTDA;15 - DESODORANTES;3.384,87;134,27;25,21;3,21;;;;;;;;;;;3.384,87;3.384,87;276,71;24,21;96,03;753,28;0,00;0,00;0,00;5,00
24670 - ACQUA DISTRIBUIDORA DE PERFUMES E COSMETICOS LTDA;16 - INFANTIL;3.072,32;197,07;15,59;2,76;;;;;;;;;;;3.171,22;3.072,32;98,90;14,59;93,59;548,48;98,90;1,00;0,00;1,00
24670 - ACQUA DISTRIBUIDORA DE PERFUMES E COSMETICOS LTDA;17 - ACESSÓRIOS;613,37;173,27;3,54;2,82;;;;;;;;;;;613,37;613,37;144,80;1,54;43,50;176,63;0,00;0,00;0,00;2,00
24670 - ACQUA DISTRIBUIDORA DE PERFUMES E COSMETICOS LTDA;18 - SOLAR;1.192,58;186,92;6,38;2,35;;;;;;;;;;;1.192,58;1.192,58;263,70;5,38;84,33;443,92;0,00;0,00;0,00;3,00
24670 - ACQUA DISTRIBUIDORA DE PERFUMES E COSMETICOS LTDA;19 - CUIDADOS COM A BARBA;298,64;196,47;1,52;3,29;;;;;;;;;;;298,64;298,64;0,00;1,52;100,00;30,86;0,00;0,00;0,00;0,00
24670 - ACQUA DISTRIBUIDORA DE PERFUMES E COSMETICOS LTDA;2 - MAQUIAGEM;3.306,37;207,43;15,94;3,45;;;;;;;;;;;3.306,37;3.306,37;232,72;15,94;100,00;1.120,13;0,00;0,00;0,00;3,00
24670 - ACQUA DISTRIBUIDORA DE PERFUMES E COSMETICOS LTDA;20 - CUIDADOS COM A PELE;6.601,80;163,45;40,39;2,92;;;;;;;;;;;7.028,61;6.993,57;850,58;43,15;96,40;2.877,85;35,04;0,37;0,00;9,00
24670 - ACQUA DISTRIBUIDORA DE PERFUMES E COSMETICOS LTDA;21 - GIFTS;4.426,90;289,91;15,27;1,77;;;;;;;;;;;4.426,90;4.426,90;333,90;14,27;93,45;711,35;0,00;0,00;0,00;2,00
24670 - ACQUA DISTRIBUIDORA DE PERFUMES E COSMETICOS LTDA;3 - PERFUMARIA;46.314,05;275,84;167,90;1,95;;;;;;;;;;;48.347,16;47.720,45;6.816,93;172,33;98,29;15.610,23;626,71;3,33;0,00;40,00
24670 - ACQUA DISTRIBUIDORA DE PERFUMES E COSMETICOS LTDA;4 - HOME  CARE;238,32;238,32;1,00;2,00;;;;;;;;;;;238,32;238,32;0,00;1,00;100,00;26,48;0,00;0,00;0,00;0,00
24670 - ACQUA DISTRIBUIDORA DE PERFUMES E COSMETICOS LTDA;5 - CABELOS;1.776,75;190,64;9,32;4,83;;;;;;;;;;;1.776,75;1.776,75;40,00;7,93;85,09;423,75;0,00;0,00;0,00;1,00
24670 - ACQUA DISTRIBUIDORA DE PERFUMES E COSMETICOS LTDA;6 - SUPORTE À VENDA;391,49;39,91;9,81;2,65;;;;;;;;;;;410,33;392,61;0,46;55,81;100,00;4.716,37;17,72;0,19;0,00;46,00
24670 - ACQUA DISTRIBUIDORA DE PERFUMES E COSMETICOS LTDA;7 - SABONETE CORPO;2.471,81;138,01;17,91;4,80;;;;;;;;;;;2.589,41;2.561,47;185,37;19,91;100,00;1.347,79;27,93;0,11;0,00;6,00
24671 - ACQUA DISTRIBUIDORA DE PERFUMES E COSMETICOS LTDA;11 - EMBALAGENS;105,51;63,18;1,67;5,99;;;;;;;;;;;106,96;106,96;0,00;1,59;95,21;302,58;0,00;0,00;0,00;0,00
24671 - ACQUA DISTRIBUIDORA DE PERFUMES E COSMETICOS LTDA;13 - ÓLEOS;171,15;136,92;1,25;1,60;;;;;;;;;;;171,15;171,15;86,72;1,25;100,00;15,65;0,00;0,00;0,00;1,00
24671 - ACQUA DISTRIBUIDORA DE PERFUMES E COSMETICOS LTDA;14 - CUIDADOS FACIAIS;1.415,57;227,22;6,23;2,41;;;;;;;;;;;1.415,57;1.415,57;0,00;6,23;100,00;370,93;0,00;0,00;0,00;0,00
24671 - ACQUA DISTRIBUIDORA DE PERFUMES E COSMETICOS LTDA;15 - DESODORANTES;2.229,79;153,36;14,54;3,78;;;;;;;;;;;2.305,59;2.305,59;127,25;13,63;87,43;528,03;0,00;0,00;0,00;2,00
24671 - ACQUA DISTRIBUIDORA DE PERFUMES E COSMETICOS LTDA;16 - INFANTIL;2.825,98;174,01;16,24;2,71;;;;;;;;;;;2.825,98;2.825,98;171,80;16,24;100,00;785,62;0,00;0,00;0,00;2,00
24671 - ACQUA DISTRIBUIDORA DE PERFUMES E COSMETICOS LTDA;17 - ACESSÓRIOS;337,74;231,33;1,46;3,42;;;;;;;;;;;337,74;337,74;67,50;1,46;100,00;101,76;0,00;0,00;0,00;1,00
24671 - ACQUA DISTRIBUIDORA DE PERFUMES E COSMETICOS LTDA;18 - SOLAR;557,03;160,99;3,46;2,60;;;;;;;;;;;652,42;590,94;33,91;4,46;100,00;285,52;61,48;0,30;0,00;1,00
24671 - ACQUA DISTRIBUIDORA DE PERFUMES E COSMETICOS LTDA;2 - MAQUIAGEM;2.433,80;153,36;15,87;2,71;;;;;;;;;;;2.433,80;2.433,80;228,94;15,87;100,00;848,90;0,00;0,00;0,00;5,00
24671 - ACQUA DISTRIBUIDORA DE PERFUMES E COSMETICOS LTDA;20 - CUIDADOS COM A PELE;6.484,22;165,54;39,17;3,34;;;;;;;;;;;7.081,17;6.932,68;360,55;40,49;97,14;3.759,99;148,48;1,41;0,00;5,00
24671 - ACQUA DISTRIBUIDORA DE PERFUMES E COSMETICOS LTDA;21 - GIFTS;3.972,72;298,03;13,33;1,50;;;;;;;;;;;3.972,72;3.972,72;807,95;13,33;100,00;352,28;0,00;0,00;0,00;4,00
24671 - ACQUA DISTRIBUIDORA DE PERFUMES E COSMETICOS LTDA;27 - CUIDADOS PETS;0,00;0,00;0,00;0,00;;;;;;;;;;;0,00;0,00;0,00;0,00;0,00;0,00;0,00;0,00;0,00;0,00
24671 - ACQUA DISTRIBUIDORA DE PERFUMES E COSMETICOS LTDA;3 - PERFUMARIA;31.451,65;274,16;114,72;1,92;;;;;;;;;;;33.706,99;33.706,99;4.975,51;119,38;95,39;10.269,39;0,00;0,00;0,00;30,00
24671 - ACQUA DISTRIBUIDORA DE PERFUMES E COSMETICOS LTDA;4 - HOME  CARE;0,00;0,00;0,00;0,00;;;;;;;;;;;0,00;0,00;0,00;0,00;0,00;0,00;0,00;0,00;0,00;0,00
24671 - ACQUA DISTRIBUIDORA DE PERFUMES E COSMETICOS LTDA;5 - CABELOS;1.081,62;117,19;9,23;2,82;;;;;;;;;;;1.105,62;1.081,62;139,70;9,23;100,00;349,11;24,00;0,12;0,00;3,00
24671 - ACQUA DISTRIBUIDORA DE PERFUMES E COSMETICOS LTDA;6 - SUPORTE À VENDA;953,05;107,69;8,85;6,55;;;;;;;;;;;954,36;954,36;0,38;46,85;100,00;3.688,23;0,00;0,00;0,00;38,00
24671 - ACQUA DISTRIBUIDORA DE PERFUMES E COSMETICOS LTDA;7 - SABONETE CORPO;2.131,22;125,59;16,97;4,60;;;;;;;;;;;2.164,67;2.131,22;21,52;16,97;100,00;1.441,71;33,44;0,16;0,00;1,00