Quebra;Loja;Hora;Receita liquida;Participacao Receita (%);Maior receita;Quantidade total de boletos;Participacao Boletos (%);Boleto medio total (R$)
31/08/2026;24303 - 24303 ACQUA DISTRIBUIDORA DE PERFUMES E;08:00 - 08:59;150,01;0,23;150,00;2,00;15,38;75,00
31/08/2026;24303 - 24303 ACQUA DISTRIBUIDORA DE PERFUMES E;09:00 - 09:59;129,80;0,20;129,80;1,00;7,69;129,80
31/08/2026;24303 - 24303 ACQUA DISTRIBUIDORA DE PERFUMES E;10:00 - 10:59;74,92;0,11;74,92;1,00;7,69;74,92
31/08/2026;24303 - 24303 ACQUA DISTRIBUIDORA DE PERFUMES E;12:00 - 12:59;307,82;0,47;242,82;2,00;15,38;153,91
31/08/2026;24303 - 24303 ACQUA DISTRIBUIDORA DE PERFUMES E;13:00 - 13:59;340,00;0,52;340,00;1,00;7,69;340,00
31/08/2026;24303 - 24303 ACQUA DISTRIBUIDORA DE PERFUMES E;14:00 - 14:59;600,01;0,92;600,00;2,00;15,38;300,00
31/08/2026;24303 - 24303 ACQUA DISTRIBUIDORA DE PERFUMES E;16:00 - 16:59;779,32;1,20;573,74;2,00;15,38;389,66
31/08/2026;24303 - 24303 ACQUA DISTRIBUIDORA DE PERFUMES E;17:00 - 17:59;304,80;0,47;235,00;2,00;15,38;152,40
01/09/2026;24303 - 24303 ACQUA DISTRIBUIDORA DE PERFUMES E;09:00 - 09:59;309,82;0,48;229,91;2,00;10,00;154,91
01/09/2026;24303 - 24303 ACQUA DISTRIBUIDORA DE PERFUMES E;10:00 - 10:59;1409,06;2,16;514,99;6,00;30,00;234,84
01/09/2026;24303 - 24303 ACQUA DISTRIBUIDORA DE PERFUMES E;11:00 - 11:59;603,77;0,93;473,86;2,00;10,00;301,88
01/09/2026;24303 - 24303 ACQUA DISTRIBUIDORA DE PERFUMES E;13:00 - 13:59;139,90;0,21;139,90;1,00;5,00;139,90
01/09/2026;24303 - 24303 ACQUA DISTRIBUIDORA DE PERFUMES E;14:00 - 14:59;204,05;0,31;204,05;1,00;5,00;204,05
01/09/2026;24303 - 24303 ACQUA DISTRIBUIDORA DE PERFUMES E;15:00 - 15:59;305,69;0,47;160,79;2,00;10,00;152,84
01/09/2026;24303 - 24303 ACQUA DISTRIBUIDORA DE PERFUMES E;16:00 - 16:59;431,61;0,66;401,71;2,00;10,00;215,80
01/09/2026;24303 - 24303 ACQUA DISTRIBUIDORA DE PERFUMES E;17:00 - 17:59;964,11;1,48;400,00;4,00;20,00;241,03
02/09/2026;24303 - 24303 ACQUA DISTRIBUIDORA DE PERFUMES E;09:00 - 09:59;25,00;0,04;25,00;1,00;20,00;25,00
02/09/2026;24303 - 24303 ACQUA DISTRIBUIDORA DE PERFUMES E;11:00 - 11:59;180,00;0,28;180,00;1,00;20,00;180,00
02/09/2026;24303 - 24303 ACQUA DISTRIBUIDORA DE PERFUMES E;14:00 - 14:59;382,30;0,59;382,30;1,00;20,00;382,30
02/09/2026;24303 - 24303 ACQUA DISTRIBUIDORA DE PERFUMES E;16:00 - 16:59;420,00;0,64;420,00;1,00;20,00;420,00
02/09/2026;24303 - 24303 ACQUA DISTRIBUIDORA DE PERFUMES E;17:00 - 17:59;189,31;0,29;189,31;1,00;20,00;189,31
03/09/2026;24303 - 24303 ACQUA DISTRIBUIDORA DE PERFUMES E;08:00 - 08:59;90,00;0,14;90,00;1,00;6,25;90,00
03/09/2026;24303 - 24303 ACQUA DISTRIBUIDORA DE PERFUMES E;09:00 - 09:59;1267,09;1,94;700,00;3,00;18,75;422,36
03/09/2026;24303 - 24303 ACQUA DISTRIBUIDORA DE PERFUMES E;10:00 - 10:59;275,00;0,42;170,00;2,00;12,50;137,50
03/09/2026;24303 - 24303 ACQUA DISTRIBUIDORA DE PERFUMES E;11:00 - 11:59;807,16;1,24;807,16;1,00;6,25;807,16
03/09/2026;24303 - 24303 ACQUA DISTRIBUIDORA DE PERFUMES E;12:00 - 12:59;446,96;0,69;446,96;1,00;6,25;446,96
03/09/2026;24303 - 24303 ACQUA DISTRIBUIDORA DE PERFUMES E;14:00 - 14:59;854,78;1,31;603,80;2,00;12,50;427,39
03/09/2026;24303 - 24303 ACQUA DISTRIBUIDORA DE PERFUMES E;16:00 - 16:59;324,14;0,50;175,81;2,00;12,50;162,07
03/09/2026;24303 - 24303 ACQUA DISTRIBUIDORA DE PERFUMES E;17:00 - 17:59;1276,64;1,96;710,64;4,00;25,00;319,16
04/09/2026;24303 - 24303 ACQUA DISTRIBUIDORA DE PERFUMES E;09:00 - 09:59;140,00;0,21;140,00;1,00;7,14;140,00
04/09/2026;24303 - 24303 ACQUA DISTRIBUIDORA DE PERFUMES E;10:00 - 10:59;527,89;0,81;413,99;2,00;14,29;263,94
04/09/2026;24303 - 24303 ACQUA DISTRIBUIDORA DE PERFUMES E;11:00 - 11:59;300,13;0,46;300,13;1,00;7,14;300,13
04/09/2026;24303 - 24303 ACQUA DISTRIBUIDORA DE PERFUMES E;13:00 - 13:59;468,10;0,72;195,19;3,00;21,43;156,03
04/09/2026;24303 - 24303 ACQUA DISTRIBUIDORA DE PERFUMES E;14:00 - 14:59;282,66;0,43;282,66;1,00;7,14;282,66
04/09/2026;24303 - 24303 ACQUA DISTRIBUIDORA DE PERFUMES E;15:00 - 15:59;583,70;0,90;354,78;2,00;14,29;291,85
04/09/2026;24303 - 24303 ACQUA DISTRIBUIDORA DE PERFUMES E;17:00 - 17:59;757,67;1,16;397,96;4,00;28,57;189,42
05/09/2026;24303 - 24303 ACQUA DISTRIBUIDORA DE PERFUMES E;08:00 - 08:59;1068,08;1,64;486,49;3,00;50,00;356,03
05/09/2026;24303 - 24303 ACQUA DISTRIBUIDORA DE PERFUMES E;09:00 - 09:59;120,00;0,18;120,00;1,00;16,67;120,00
05/09/2026;24303 - 24303 ACQUA DISTRIBUIDORA DE PERFUMES E;10:00 - 10:59;561,55;0,86;361,55;2,00;33,33;280,77
09/09/2026;24303 - 24303 ACQUA DISTRIBUIDORA DE PERFUMES E;08:00 - 08:59;113,91;0,17;113,91;1,00;4,55;113,91
09/09/2026;24303 - 24303 ACQUA DISTRIBUIDORA DE PERFUMES E;09:00 - 09:59;786,62;1,21;786,62;1,00;4,55;786,62
09/09/2026;24303 - 24303 ACQUA DISTRIBUIDORA DE PERFUMES E;10:00 - 10:59;1931,80;2,96;1100,00;4,00;18,18;482,95
09/09/2026;24303 - 24303 ACQUA DISTRIBUIDORA DE PERFUMES E;11:00 - 11:59;512,01;0,79;320,00;3,00;13,64;170,67
09/09/2026;24303 - 24303 ACQUA DISTRIBUIDORA DE PERFUMES E;12:00 - 12:59;365,67;0,56;227,81;2,00;9,09;182,83
09/09/2026;24303 - 24303 ACQUA DISTRIBUIDORA DE PERFUMES E;13:00 - 13:59;819,60;1,26;459,60;3,00;13,64;273,20
09/09/2026;24303 - 24303 ACQUA DISTRIBUIDORA DE PERFUMES E;15:00 - 15:59;69,90;0,11;69,90;1,00;4,55;69,90
09/09/2026;24303 - 24303 ACQUA DISTRIBUIDORA DE PERFUMES E;16:00 - 16:59;1098,00;1,68;660,00;2,00;9,09;549,00
09/09/2026;24303 - 24303 ACQUA DISTRIBUIDORA DE PERFUMES E;17:00 - 17:59;1087,55;1,67;397,51;5,00;22,73;217,51
10/09/2026;24303 - 24303 ACQUA DISTRIBUIDORA DE PERFUMES E;09:00 - 09:59;396,87;0,61;295,06;2,00;18,18;198,43
10/09/2026;24303 - 24303 ACQUA DISTRIBUIDORA DE PERFUMES E;10:00 - 10:59;1379,11;2,11;424,92;4,00;36,36;344,78
10/09/2026;24303 - 24303 ACQUA DISTRIBUIDORA DE PERFUMES E;11:00 - 11:59;765,00;1,17;565,00;2,00;18,18;382,50
10/09/2026;24303 - 24303 ACQUA DISTRIBUIDORA DE PERFUMES E;16:00 - 16:59;475,17;0,73;339,94;2,00;18,18;237,58
10/09/2026;24303 - 24303 ACQUA DISTRIBUIDORA DE PERFUMES E;17:00 - 17:59;172,80;0,27;172,80;1,00;9,09;172,80
11/09/2026;24303 - 24303 ACQUA DISTRIBUIDORA DE PERFUMES E;08:00 - 08:59;90,00;0,14;90,00;1,00;7,69;90,00
11/09/2026;24303 - 24303 ACQUA DISTRIBUIDORA DE PERFUMES E;09:00 - 09:59;657,85;1,01;290,00;3,00;23,08;219,28
11/09/2026;24303 - 24303 ACQUA DISTRIBUIDORA DE PERFUMES E;11:00 - 11:59;176,00;0,27;175,97;4,00;30,77;44,00
11/09/2026;24303 - 24303 ACQUA DISTRIBUIDORA DE PERFUMES E;12:00 - 12:59;153,92;0,24;153,92;1,00;7,69;153,92
11/09/2026;24303 - 24303 ACQUA DISTRIBUIDORA DE PERFUMES E;13:00 - 13:59;139,90;0,21;139,90;1,00;7,69;139,90
11/09/2026;24303 - 24303 ACQUA DISTRIBUIDORA DE PERFUMES E;14:00 - 14:59;254,90;0,39;254,90;1,00;7,69;254,90
11/09/2026;24303 - 24303 ACQUA DISTRIBUIDORA DE PERFUMES E;16:00 - 16:59;440,00;0,67;440,00;1,00;7,69;440,00
11/09/2026;24303 - 24303 ACQUA DISTRIBUIDORA DE PERFUMES E;17:00 - 17:59;109,91;0,17;109,91;1,00;7,69;109,91
12/09/2026;24303 - 24303 ACQUA DISTRIBUIDORA DE PERFUMES E;08:00 - 08:59;917,00;1,41;506,05;4,00;36,36;229,25
12/09/2026;24303 - 24303 ACQUA DISTRIBUIDORA DE PERFUMES E;09:00 - 09:59;145,00;0,22;145,00;1,00;9,09;145,00
12/09/2026;24303 - 24303 ACQUA DISTRIBUIDORA DE PERFUMES E;10:00 - 10:59;190,00;0,29;190,00;1,00;9,09;190,00
12/09/2026;24303 - 24303 ACQUA DISTRIBUIDORA DE PERFUMES E;11:00 - 11:59;1236,29;1,90;486,16;4,00;36,36;309,07
12/09/2026;24303 - 24303 ACQUA DISTRIBUIDORA DE PERFUMES E;12:00 - 12:59;100,65;0,15;100,65;1,00;9,09;100,65
14/09/2026;24303 - 24303 ACQUA DISTRIBUIDORA DE PERFUMES E;08:00 - 08:59;306,49;0,47;169,82;4,00;25,00;76,62
14/09/2026;24303 - 24303 ACQUA DISTRIBUIDORA DE PERFUMES E;10:00 - 10:59;215,42;0,33;121,52;2,00;12,50;107,71
14/09/2026;24303 - 24303 ACQUA DISTRIBUIDORA DE PERFUMES E;11:00 - 11:59;56,63;0,09;56,62;2,00;12,50;28,31
14/09/2026;24303 - 24303 ACQUA DISTRIBUIDORA DE PERFUMES E;12:00 - 12:59;330,37;0,51;330,37;1,00;6,25;330,37
14/09/2026;24303 - 24303 ACQUA DISTRIBUIDORA DE PERFUMES E;13:00 - 13:59;440,44;0,68;440,44;1,00;6,25;440,44
14/09/2026;24303 - 24303 ACQUA DISTRIBUIDORA DE PERFUMES E;14:00 - 14:59;130,00;0,20;130,00;1,00;6,25;130,00
14/09/2026;24303 - 24303 ACQUA DISTRIBUIDORA DE PERFUMES E;15:00 - 15:59;599,72;0,92;473,82;2,00;12,50;299,86
14/09/2026;24303 - 24303 ACQUA DISTRIBUIDORA DE PERFUMES E;16:00 - 16:59;85,00;0,13;85,00;1,00;6,25;85,00
14/09/2026;24303 - 24303 ACQUA DISTRIBUIDORA DE PERFUMES E;17:00 - 17:59;578,65;0,89;312,65;2,00;12,50;289,32
15/09/2026;24303 - 24303 ACQUA DISTRIBUIDORA DE PERFUMES E;08:00 - 08:59;1944,47;2,98;650,00;7,00;9,86;277,78
15/09/2026;24303 - 24303 ACQUA DISTRIBUIDORA DE PERFUMES E;09:00 - 09:59;2613,23;4,01;1626,62;9,00;12,68;290,36
15/09/2026;24303 - 24303 ACQUA DISTRIBUIDORA DE PERFUMES E;10:00 - 10:59;4945,45;7,58;995,00;14,00;19,72;353,25
15/09/2026;24303 - 24303 ACQUA DISTRIBUIDORA DE PERFUMES E;11:00 - 11:59;1390,58;2,13;293,25;6,00;8,45;231,76
15/09/2026;24303 - 24303 ACQUA DISTRIBUIDORA DE PERFUMES E;12:00 - 12:59;185,78;0,28;94,91;3,00;4,23;61,93
15/09/2026;24303 - 24303 ACQUA DISTRIBUIDORA DE PERFUMES E;13:00 - 13:59;3481,47;5,34;1027,05;12,00;16,90;290,12
15/09/2026;24303 - 24303 ACQUA DISTRIBUIDORA DE PERFUMES E;14:00 - 14:59;2272,78;3,49;880,00;8,00;11,27;284,10
15/09/2026;24303 - 24303 ACQUA DISTRIBUIDORA DE PERFUMES E;15:00 - 15:59;222,45;0,34;127,45;2,00;2,82;111,22
15/09/2026;24303 - 24303 ACQUA DISTRIBUIDORA DE PERFUMES E;16:00 - 16:59;891,34;1,37;309,91;6,00;8,45;148,56
15/09/2026;24303 - 24303 ACQUA DISTRIBUIDORA DE PERFUMES E;17:00 - 17:59;2477,38;3,80;995,49;4,00;5,63;619,34
17/09/2026;24303 - 24303 ACQUA DISTRIBUIDORA DE PERFUMES E;09:00 - 09:59;79,46;0,12;79,45;2,00;12,50;39,73
17/09/2026;24303 - 24303 ACQUA DISTRIBUIDORA DE PERFUMES E;10:00 - 10:59;323,59;0,50;263,69;2,00;12,50;161,79
17/09/2026;24303 - 24303 ACQUA DISTRIBUIDORA DE PERFUMES E;11:00 - 11:59;272,15;0,42;272,15;1,00;6,25;272,15
17/09/2026;24303 - 24303 ACQUA DISTRIBUIDORA DE PERFUMES E;12:00 - 12:59;52,92;0,08;52,91;2,00;12,50;26,46
17/09/2026;24303 - 24303 ACQUA DISTRIBUIDORA DE PERFUMES E;13:00 - 13:59;854,97;1,31;526,81;2,00;12,50;427,48
17/09/2026;24303 - 24303 ACQUA DISTRIBUIDORA DE PERFUMES E;14:00 - 14:59;427,00;0,65;210,00;3,00;18,75;142,33
17/09/2026;24303 - 24303 ACQUA DISTRIBUIDORA DE PERFUMES E;15:00 - 15:59;95,69;0,15;95,69;1,00;6,25;95,69
17/09/2026;24303 - 24303 ACQUA DISTRIBUIDORA DE PERFUMES E;16:00 - 16:59;351,15;0,54;207,17;3,00;18,75;117,05
18/09/2026;24303 - 24303 ACQUA DISTRIBUIDORA DE PERFUMES E;08:00 - 08:59;250,56;0,38;120,00;3,00;20,00;83,52
18/09/2026;24303 - 24303 ACQUA DISTRIBUIDORA DE PERFUMES E;10:00 - 10:59;569,03;0,87;300,00;3,00;20,00;189,68
18/09/2026;24303 - 24303 ACQUA DISTRIBUIDORA DE PERFUMES E;11:00 - 11:59;157,52;0,24;122,57;2,00;13,33;78,76
18/09/2026;24303 - 24303 ACQUA DISTRIBUIDORA DE PERFUMES E;14:00 - 14:59;764,84;1,17;630,69;2,00;13,33;382,42
18/09/2026;24303 - 24303 ACQUA DISTRIBUIDORA DE PERFUMES E;16:00 - 16:59;589,69;0,90;290,00;3,00;20,00;196,56
18/09/2026;24303 - 24303 ACQUA DISTRIBUIDORA DE PERFUMES E;17:00 - 17:59;579,62;0,89;379,62;2,00;13,33;289,81
19/09/2026;24303 - 24303 ACQUA DISTRIBUIDORA DE PERFUMES E;08:00 - 08:59;729,11;1,12;601,66;2,00;13,33;364,55
19/09/2026;24303 - 24303 ACQUA DISTRIBUIDORA DE PERFUMES E;09:00 - 09:59;952,80;1,46;400,00;4,00;26,67;238,20
19/09/2026;24303 - 24303 ACQUA DISTRIBUIDORA DE PERFUMES E;10:00 - 10:59;264,90;0,41;135,00;2,00;13,33;132,45
19/09/2026;24303 - 24303 ACQUA DISTRIBUIDORA DE PERFUMES E;11:00 - 11:59;1735,46;2,66;530,16;7,00;46,67;247,92
30/08/2026;24617 - ACQUA DISTRIBUIDORA DE PERFUMES E COSMETICOS LTDA;09:00 - 09:59;59,90;0,14;59,90;1,00;11,11;59,90
30/08/2026;24617 - ACQUA DISTRIBUIDORA DE PERFUMES E COSMETICOS LTDA;10:00 - 10:59;52,90;0,12;52,90;1,00;11,11;52,90
30/08/2026;24617 - ACQUA DISTRIBUIDORA DE PERFUMES E COSMETICOS LTDA;11:00 - 11:59;225,80;0,52;225,80;1,00;11,11;225,80
30/08/2026;24617 - ACQUA DISTRIBUIDORA DE PERFUMES E COSMETICOS LTDA;12:00 - 12:59;61,89;0,14;61,89;1,00;11,11;61,89
30/08/2026;24617 - ACQUA DISTRIBUIDORA DE PERFUMES E COSMETICOS LTDA;13:00 - 13:59;934,41;2,15;675,50;3,00;33,33;311,47
30/08/2026;24617 - ACQUA DISTRIBUIDORA DE PERFUMES E COSMETICOS LTDA;15:00 - 15:59;475,70;1,09;400,00;2,00;22,22;237,85
31/08/2026;24617 - ACQUA DISTRIBUIDORA DE PERFUMES E COSMETICOS LTDA;10:00 - 10:59;174,91;0,40;174,91;1,00;16,67;174,91
31/08/2026;24617 - ACQUA DISTRIBUIDORA DE PERFUMES E COSMETICOS LTDA;11:00 - 11:59;271,04;0,62;271,04;1,00;16,67;271,04
31/08/2026;24617 - ACQUA DISTRIBUIDORA DE PERFUMES E COSMETICOS LTDA;12:00 - 12:59;164,03;0,38;107,81;2,00;33,33;82,01
31/08/2026;24617 - ACQUA DISTRIBUIDORA DE PERFUMES E COSMETICOS LTDA;15:00 - 15:59;304,72;0,70;304,72;1,00;16,67;304,72
31/08/2026;24617 - ACQUA DISTRIBUIDORA DE PERFUMES E COSMETICOS LTDA;18:00 - 18:59;150,90;0,35;150,90;1,00;16,67;150,90
01/09/2026;24617 - ACQUA DISTRIBUIDORA DE PERFUMES E COSMETICOS LTDA;13:00 - 13:59;205,90;0,47;205,90;1,00;16,67;205,90
01/09/2026;24617 - ACQUA DISTRIBUIDORA DE PERFUMES E COSMETICOS LTDA;16:00 - 16:59;94,90;0,22;94,90;1,00;16,67;94,90
01/09/2026;24617 - ACQUA DISTRIBUIDORA DE PERFUMES E COSMETICOS LTDA;17:00 - 17:59;158,00;0,36;158,00;1,00;16,67;158,00
01/09/2026;24617 - ACQUA DISTRIBUIDORA DE PERFUMES E COSMETICOS LTDA;18:00 - 18:59;430,92;0,99;186,27;3,00;50,00;143,64
02/09/2026;24617 - ACQUA DISTRIBUIDORA DE PERFUMES E COSMETICOS LTDA;09:00 - 09:59;52,90;0,12;52,90;1,00;12,50;52,90
02/09/2026;24617 - ACQUA DISTRIBUIDORA DE PERFUMES E COSMETICOS LTDA;10:00 - 10:59;163,80;0,38;163,80;1,00;12,50;163,80
02/09/2026;24617 - ACQUA DISTRIBUIDORA DE PERFUMES E COSMETICOS LTDA;12:00 - 12:59;278,00;0,64;278,00;1,00;12,50;278,00
02/09/2026;24617 - ACQUA DISTRIBUIDORA DE PERFUMES E COSMETICOS LTDA;13:00 - 13:59;185,90;0,43;113,90;2,00;25,00;92,95
02/09/2026;24617 - ACQUA DISTRIBUIDORA DE PERFUMES E COSMETICOS LTDA;15:00 - 15:59;100,00;0,23;100,00;1,00;12,50;100,00
02/09/2026;24617 - ACQUA DISTRIBUIDORA DE PERFUMES E COSMETICOS LTDA;16:00 - 16:59;49,80;0,11;49,80;1,00;12,50;49,80
02/09/2026;24617 - ACQUA DISTRIBUIDORA DE PERFUMES E COSMETICOS LTDA;19:00 - 19:59;110,00;0,25;110,00;1,00;12,50;110,00
03/09/2026;24617 - ACQUA DISTRIBUIDORA DE PERFUMES E COSMETICOS LTDA;16:00 - 16:59;107,80;0,25;107,80;1,00;33,33;107,80
03/09/2026;24617 - ACQUA DISTRIBUIDORA DE PERFUMES E COSMETICOS LTDA;17:00 - 17:59;82,80;0,19;82,80;1,00;33,33;82,80
03/09/2026;24617 - ACQUA DISTRIBUIDORA DE PERFUMES E COSMETICOS LTDA;18:00 - 18:59;94,24;0,22;94,24;1,00;33,33;94,24
04/09/2026;24617 - ACQUA DISTRIBUIDORA DE PERFUMES E COSMETICOS LTDA;10:00 - 10:59;249,04;0,57;249,04;1,00;10,00;249,04
04/09/2026;24617 - ACQUA DISTRIBUIDORA DE PERFUMES E COSMETICOS LTDA;11:00 - 11:59;109,00;0,25;109,00;1,00;10,00;109,00
04/09/2026;24617 - ACQUA DISTRIBUIDORA DE PERFUMES E COSMETICOS LTDA;17:00 - 17:59;891,25;2,05;340,00;3,00;30,00;297,08
04/09/2026;24617 - ACQUA DISTRIBUIDORA DE PERFUMES E COSMETICOS LTDA;19:00 - 19:59;769,18;1,77;440,38;3,00;30,00;256,39
04/09/2026;24617 - ACQUA DISTRIBUIDORA DE PERFUMES E COSMETICOS LTDA;20:00 - 20:59;288,91;0,66;188,91;2,00;20,00;144,45
05/09/2026;24617 - ACQUA DISTRIBUIDORA DE PERFUMES E COSMETICOS LTDA;10:00 - 10:59;739,22;1,70;379,90;2,00;11,76;369,61
05/09/2026;24617 - ACQUA DISTRIBUIDORA DE PERFUMES E COSMETICOS LTDA;11:00 - 11:59;659,37;1,52;580,02;2,00;11,76;329,68
05/09/2026;24617 - ACQUA DISTRIBUIDORA DE PERFUMES E COSMETICOS LTDA;13:00 - 13:59;757,47;1,74;463,02;2,00;11,76;378,73
05/09/2026;24617 - ACQUA DISTRIBUIDORA DE PERFUMES E COSMETICOS LTDA;14:00 - 14:59;112,80;0,26;112,80;1,00;5,88;112,80
05/09/2026;24617 - ACQUA DISTRIBUIDORA DE PERFUMES E COSMETICOS LTDA;15:00 - 15:59;290,16;0,67;230,26;2,00;11,76;145,08
05/09/2026;24617 - ACQUA DISTRIBUIDORA DE PERFUMES E COSMETICOS LTDA;17:00 - 17:59;148,32;0,34;148,32;1,00;5,88;148,32
05/09/2026;24617 - ACQUA DISTRIBUIDORA DE PERFUMES E COSMETICOS LTDA;18:00 - 18:59;520,26;1,20;232,68;3,00;17,65;173,42
05/09/2026;24617 - ACQUA DISTRIBUIDORA DE PERFUMES E COSMETICOS LTDA;19:00 - 19:59;217,96;0,50;159,06;2,00;11,76;108,98
05/09/2026;24617 - ACQUA DISTRIBUIDORA DE PERFUMES E COSMETICOS LTDA;20:00 - 20:59;88,92;0,20;79,35;2,00;11,76;44,46
06/09/2026;24617 - ACQUA DISTRIBUIDORA DE PERFUMES E COSMETICOS LTDA;11:00 - 11:59;42,00;0,10;42,00;1,00;8,33;42,00
06/09/2026;24617 - ACQUA DISTRIBUIDORA DE PERFUMES E COSMETICOS LTDA;12:00 - 12:59;259,90;0,60;259,90;1,00;8,33;259,90
06/09/2026;24617 - ACQUA DISTRIBUIDORA DE PERFUMES E COSMETICOS LTDA;13:00 - 13:59;6962,81;16,03;4982,81;4,00;33,33;1740,70
06/09/2026;24617 - ACQUA DISTRIBUIDORA DE PERFUMES E COSMETICOS LTDA;15:00 - 15:59;154,90;0,36;154,90;1,00;8,33;154,90
06/09/2026;24617 - ACQUA DISTRIBUIDORA DE PERFUMES E COSMETICOS LTDA;16:00 - 16:59;80,00;0,18;80,00;1,00;8,33;80,00
06/09/2026;24617 - ACQUA DISTRIBUIDORA DE PERFUMES E COSMETICOS LTDA;17:00 - 17:59;664,00;1,53;579,00;2,00;16,67;332,00
06/09/2026;24617 - ACQUA DISTRIBUIDORA DE PERFUMES E COSMETICOS LTDA;18:00 - 18:59;650,00;1,50;560,00;2,00;16,67;325,00
07/09/2026;24617 - ACQUA DISTRIBUIDORA DE PERFUMES E COSMETICOS LTDA;09:00 - 09:59;129,91;0,30;129,91;1,00;9,09;129,91
07/09/2026;24617 - ACQUA DISTRIBUIDORA DE PERFUMES E COSMETICOS LTDA;10:00 - 10:59;298,31;0,69;298,31;1,00;9,09;298,31
07/09/2026;24617 - ACQUA DISTRIBUIDORA DE PERFUMES E COSMETICOS LTDA;13:00 - 13:59;134,38;0,31;134,38;1,00;9,09;134,38
07/09/2026;24617 - ACQUA DISTRIBUIDORA DE PERFUMES E COSMETICOS LTDA;14:00 - 14:59;99,90;0,23;99,90;1,00;9,09;99,90
07/09/2026;24617 - ACQUA DISTRIBUIDORA DE PERFUMES E COSMETICOS LTDA;15:00 - 15:59;59,90;0,14;59,90;1,00;9,09;59,90
07/09/2026;24617 - ACQUA DISTRIBUIDORA DE PERFUMES E COSMETICOS LTDA;16:00 - 16:59;726,41;1,67;339,58;4,00;36,36;181,60
07/09/2026;24617 - ACQUA DISTRIBUIDORA DE PERFUMES E COSMETICOS LTDA;17:00 - 17:59;204,70;0,47;204,70;1,00;9,09;204,70
07/09/2026;24617 - ACQUA DISTRIBUIDORA DE PERFUMES E COSMETICOS LTDA;19:00 - 19:59;215,21;0,50;215,21;1,00;9,09;215,21
08/09/2026;24617 - ACQUA DISTRIBUIDORA DE PERFUMES E COSMETICOS LTDA;09:00 - 09:59;174,90;0,40;174,90;1,00;11,11;174,90
08/09/2026;24617 - ACQUA DISTRIBUIDORA DE PERFUMES E COSMETICOS LTDA;14:00 - 14:59;254,02;0,58;166,00;2,00;22,22;127,01
08/09/2026;24617 - ACQUA DISTRIBUIDORA DE PERFUMES E COSMETICOS LTDA;15:00 - 15:59;180,70;0,42;180,70;1,00;11,11;180,70
08/09/2026;24617 - ACQUA DISTRIBUIDORA DE PERFUMES E COSMETICOS LTDA;16:00 - 16:59;59,80;0,14;29,90;2,00;22,22;29,90
08/09/2026;24617 - ACQUA DISTRIBUIDORA DE PERFUMES E COSMETICOS LTDA;17:00 - 17:59;144,30;0,33;144,30;1,00;11,11;144,30
08/09/2026;24617 - ACQUA DISTRIBUIDORA DE PERFUMES E COSMETICOS LTDA;18:00 - 18:59;101,60;0,23;101,60;1,00;11,11;101,60
08/09/2026;24617 - ACQUA DISTRIBUIDORA DE PERFUMES E COSMETICOS LTDA;19:00 - 19:59;62,00;0,14;62,00;1,00;11,11;62,00
09/09/2026;24617 - ACQUA DISTRIBUIDORA DE PERFUMES E COSMETICOS LTDA;12:00 - 12:59;29,90;0,07;29,90;1,00;33,33;29,90
09/09/2026;24617 - ACQUA DISTRIBUIDORA DE PERFUMES E COSMETICOS LTDA;18:00 - 18:59;28,99;0,07;28,99;1,00;33,33;28,99
09/09/2026;24617 - ACQUA DISTRIBUIDORA DE PERFUMES E COSMETICOS LTDA;19:00 - 19:59;97,90;0,23;97,90;1,00;33,33;97,90
10/09/2026;24617 - ACQUA DISTRIBUIDORA DE PERFUMES E COSMETICOS LTDA;10:00 - 10:59;1150,90;2,65;976,00;2,00;20,00;575,45
10/09/2026;24617 - ACQUA DISTRIBUIDORA DE PERFUMES E COSMETICOS LTDA;12:00 - 12:59;113,90;0,26;113,90;1,00;10,00;113,90
10/09/2026;24617 - ACQUA DISTRIBUIDORA DE PERFUMES E COSMETICOS LTDA;14:00 - 14:59;390,00;0,90;290,00;2,00;20,00;195,00
10/09/2026;24617 - ACQUA DISTRIBUIDORA DE PERFUMES E COSMETICOS LTDA;15:00 - 15:59;965,80;2,22;765,00;2,00;20,00;482,90
10/09/2026;24617 - ACQUA DISTRIBUIDORA DE PERFUMES E COSMETICOS LTDA;16:00 - 16:59;43,76;0,10;43,76;1,00;10,00;43,76
10/09/2026;24617 - ACQUA DISTRIBUIDORA DE PERFUMES E COSMETICOS LTDA;18:00 - 18:59;75,00;0,17;75,00;1,00;10,00;75,00
10/09/2026;24617 - ACQUA DISTRIBUIDORA DE PERFUMES E COSMETICOS LTDA;20:00 - 20:59;174,90;0,40;174,90;1,00;10,00;174,90
11/09/2026;24617 - ACQUA DISTRIBUIDORA DE PERFUMES E COSMETICOS LTDA;09:00 - 09:59;312,20;0,72;312,20;1,00;14,29;312,20
11/09/2026;24617 - ACQUA DISTRIBUIDORA DE PERFUMES E COSMETICOS LTDA;10:00 - 10:59;115,80;0,27;115,80;1,00;14,29;115,80
11/09/2026;24617 - ACQUA DISTRIBUIDORA DE PERFUMES E COSMETICOS LTDA;11:00 - 11:59;74,85;0,17;74,85;1,00;14,29;74,85
11/09/2026;24617 - ACQUA DISTRIBUIDORA DE PERFUMES E COSMETICOS LTDA;12:00 - 12:59;113,90;0,26;113,90;1,00;14,29;113,90
11/09/2026;24617 - ACQUA DISTRIBUIDORA DE PERFUMES E COSMETICOS LTDA;13:00 - 13:59;149,75;0,34;149,75;1,00;14,29;149,75
11/09/2026;24617 - ACQUA DISTRIBUIDORA DE PERFUMES E COSMETICOS LTDA;15:00 - 15:59;113,90;0,26;113,90;1,00;14,29;113,90
11/09/2026;24617 - ACQUA DISTRIBUIDORA DE PERFUMES E COSMETICOS LTDA;18:00 - 18:59;214,80;0,49;214,80;1,00;14,29;214,80
12/09/2026;24617 - ACQUA DISTRIBUIDORA DE PERFUMES E COSMETICOS LTDA;09:00 - 09:59;265,00;0,61;150,00;2,00;9,52;132,50
12/09/2026;24617 - ACQUA DISTRIBUIDORA DE PERFUMES E COSMETICOS LTDA;10:00 - 10:59;499,80;1,15;300,80;2,00;9,52;249,90
12/09/2026;24617 - ACQUA DISTRIBUIDORA DE PERFUMES E COSMETICOS LTDA;11:00 - 11:59;196,90;0,45;109,00;2,00;9,52;98,45
12/09/2026;24617 - ACQUA DISTRIBUIDORA DE PERFUMES E COSMETICOS LTDA;12:00 - 12:59;227,90;0,52;140,00;2,00;9,52;113,95
12/09/2026;24617 - ACQUA DISTRIBUIDORA DE PERFUMES E COSMETICOS LTDA;14:00 - 14:59;341,70;0,79;222,70;2,00;9,52;170,85
12/09/2026;24617 - ACQUA DISTRIBUIDORA DE PERFUMES E COSMETICOS LTDA;15:00 - 15:59;314,43;0,72;130,00;3,00;14,29;104,81
12/09/2026;24617 - ACQUA DISTRIBUIDORA DE PERFUMES E COSMETICOS LTDA;16:00 - 16:59;414,00;0,95;310,00;2,00;9,52;207,00
12/09/2026;24617 - ACQUA DISTRIBUIDORA DE PERFUMES E COSMETICOS LTDA;17:00 - 17:59;924,80;2,13;545,00;3,00;14,29;308,27
12/09/2026;24617 - ACQUA DISTRIBUIDORA DE PERFUMES E COSMETICOS LTDA;18:00 - 18:59;360,54;0,83;360,54;1,00;4,76;360,54
12/09/2026;24617 - ACQUA DISTRIBUIDORA DE PERFUMES E COSMETICOS LTDA;19:00 - 19:59;90,00;0,21;90,00;1,00;4,76;90,00
12/09/2026;24617 - ACQUA DISTRIBUIDORA DE PERFUMES E COSMETICOS LTDA;20:00 - 20:59;97,90;0,23;97,90;1,00;4,76;97,90
13/09/2026;24617 - ACQUA DISTRIBUIDORA DE PERFUMES E COSMETICOS LTDA;11:00 - 11:59;202,22;0,47;102,90;2,00;50,00;101,11
13/09/2026;24617 - ACQUA DISTRIBUIDORA DE PERFUMES E COSMETICOS LTDA;13:00 - 13:59;234,70;0,54;134,80;2,00;50,00;117,35
14/09/2026;24617 - ACQUA DISTRIBUIDORA DE PERFUMES E COSMETICOS LTDA;09:00 - 09:59;67,70;0,16;67,70;1,00;14,29;67,70
14/09/2026;24617 - ACQUA DISTRIBUIDORA DE PERFUMES E COSMETICOS LTDA;14:00 - 14:59;585,50;1,35;585,50;1,00;14,29;585,50
14/09/2026;24617 - ACQUA DISTRIBUIDORA DE PERFUMES E COSMETICOS LTDA;16:00 - 16:59;170,70;0,39;131,90;2,00;28,57;85,35
14/09/2026;24617 - ACQUA DISTRIBUIDORA DE PERFUMES E COSMETICOS LTDA;17:00 - 17:59;761,00;1,75;541,00;2,00;28,57;380,50
14/09/2026;24617 - ACQUA DISTRIBUIDORA DE PERFUMES E COSMETICOS LTDA;18:00 - 18:59;119,90;0,28;119,90;1,00;14,29;119,90
15/09/2026;24617 - ACQUA DISTRIBUIDORA DE PERFUMES E COSMETICOS LTDA;10:00 - 10:59;69,90;0,16;69,90;1,00;5,26;69,90
15/09/2026;24617 - ACQUA DISTRIBUIDORA DE PERFUMES E COSMETICOS LTDA;11:00 - 11:59;59,85;0,14;59,85;1,00;5,26;59,85
15/09/2026;24617 - ACQUA DISTRIBUIDORA DE PERFUMES E COSMETICOS LTDA;12:00 - 12:59;52,91;0,12;52,91;1,00;5,26;52,91
15/09/2026;24617 - ACQUA DISTRIBUIDORA DE PERFUMES E COSMETICOS LTDA;13:00 - 13:59;141,70;0,33;91,80;2,00;10,53;70,85
15/09/2026;24617 - ACQUA DISTRIBUIDORA DE PERFUMES E COSMETICOS LTDA;14:00 - 14:59;432,00;0,99;212,30;3,00;15,79;144,00
15/09/2026;24617 - ACQUA DISTRIBUIDORA DE PERFUMES E COSMETICOS LTDA;15:00 - 15:59;445,55;1,03;254,90;3,00;15,79;148,52
15/09/2026;24617 - ACQUA DISTRIBUIDORA DE PERFUMES E COSMETICOS LTDA;16:00 - 16:59;174,90;0,40;174,90;1,00;5,26;174,90
15/09/2026;24617 - ACQUA DISTRIBUIDORA DE PERFUMES E COSMETICOS LTDA;18:00 - 18:59;597,61;1,38;339,75;3,00;15,79;199,20
15/09/2026;24617 - ACQUA DISTRIBUIDORA DE PERFUMES E COSMETICOS LTDA;19:00 - 19:59;104,90;0,24;104,90;1,00;5,26;104,90
15/09/2026;24617 - ACQUA DISTRIBUIDORA DE PERFUMES E COSMETICOS LTDA;20:00 - 20:59;311,81;0,72;200,91;2,00;10,53;155,90
15/09/2026;24617 - ACQUA DISTRIBUIDORA DE PERFUMES E COSMETICOS LTDA;21:00 - 21:59;79,90;0,18;79,90;1,00;5,26;79,90
16/09/2026;24617 - ACQUA DISTRIBUIDORA DE PERFUMES E COSMETICOS LTDA;11:00 - 11:59;84,90;0,20;84,90;1,00;8,33;84,90
16/09/2026;24617 - ACQUA DISTRIBUIDORA DE PERFUMES E COSMETICOS LTDA;13:00 - 13:59;271,85;0,63;150,85;2,00;16,67;135,92
16/09/2026;24617 - ACQUA DISTRIBUIDORA DE PERFUMES E COSMETICOS LTDA;14:00 - 14:59;170,35;0,39;143,90;2,00;16,67;85,17
16/09/2026;24617 - ACQUA DISTRIBUIDORA DE PERFUMES E COSMETICOS LTDA;15:00 - 15:59;314,00;0,72;209,00;2,00;16,67;157,00
16/09/2026;24617 - ACQUA DISTRIBUIDORA DE PERFUMES E COSMETICOS LTDA;16:00 - 16:59;329,80;0,76;329,80;1,00;8,33;329,80
16/09/2026;24617 - ACQUA DISTRIBUIDORA DE PERFUMES E COSMETICOS LTDA;17:00 - 17:59;122,00;0,28;122,00;1,00;8,33;122,00
16/09/2026;24617 - ACQUA DISTRIBUIDORA DE PERFUMES E COSMETICOS LTDA;18:00 - 18:59;163,75;0,38;133,85;2,00;16,67;81,87
16/09/2026;24617 - ACQUA DISTRIBUIDORA DE PERFUMES E COSMETICOS LTDA;19:00 - 19:59;300,00;0,69;300,00;1,00;8,33;300,00
17/09/2026;24617 - ACQUA DISTRIBUIDORA DE PERFUMES E COSMETICOS LTDA;10:00 - 10:59;79,90;0,18;79,90;1,00;6,67;79,90
17/09/2026;24617 - ACQUA DISTRIBUIDORA DE PERFUMES E COSMETICOS LTDA;13:00 - 13:59;119,95;0,28;119,95;1,00;6,67;119,95
17/09/2026;24617 - ACQUA DISTRIBUIDORA DE PERFUMES E COSMETICOS LTDA;14:00 - 14:59;373,12;0,86;239,19;2,00;13,33;186,56
17/09/2026;24617 - ACQUA DISTRIBUIDORA DE PERFUMES E COSMETICOS LTDA;15:00 - 15:59;65,94;0,15;65,94;1,00;6,67;65,94
17/09/2026;24617 - ACQUA DISTRIBUIDORA DE PERFUMES E COSMETICOS LTDA;17:00 - 17:59;360,21;0,83;216,20;3,00;20,00;120,07
17/09/2026;24617 - ACQUA DISTRIBUIDORA DE PERFUMES E COSMETICOS LTDA;18:00 - 18:59;268,45;0,62;188,60;3,00;20,00;89,48
17/09/2026;24617 - ACQUA DISTRIBUIDORA DE PERFUMES E COSMETICOS LTDA;19:00 - 19:59;161,95;0,37;161,95;1,00;6,67;161,95
17/09/2026;24617 - ACQUA DISTRIBUIDORA DE PERFUMES E COSMETICOS LTDA;20:00 - 20:59;234,28;0,54;185,84;2,00;13,33;117,14
17/09/2026;24617 - ACQUA DISTRIBUIDORA DE PERFUMES E COSMETICOS LTDA;21:00 - 21:59;178,78;0,41;178,78;1,00;6,67;178,78
18/09/2026;24617 - ACQUA DISTRIBUIDORA DE PERFUMES E COSMETICOS LTDA;10:00 - 10:59;198,00;0,46;160,00;2,00;20,00;99,00
18/09/2026;24617 - ACQUA DISTRIBUIDORA DE PERFUMES E COSMETICOS LTDA;11:00 - 11:59;75,00;0,17;75,00;1,00;10,00;75,00
18/09/2026;24617 - ACQUA DISTRIBUIDORA DE PERFUMES E COSMETICOS LTDA;16:00 - 16:59;771,15;1,77;493,75;3,00;30,00;257,05
18/09/2026;24617 - ACQUA DISTRIBUIDORA DE PERFUMES E COSMETICOS LTDA;17:00 - 17:59;281,90;0,65;281,90;1,00;10,00;281,90
18/09/2026;24617 - ACQUA DISTRIBUIDORA DE PERFUMES E COSMETICOS LTDA;18:00 - 18:59;100,00;0,23;100,00;1,00;10,00;100,00
18/09/2026;24617 - ACQUA DISTRIBUIDORA DE PERFUMES E COSMETICOS LTDA;20:00 - 20:59;110,00;0,25;110,00;1,00;10,00;110,00
18/09/2026;24617 - ACQUA DISTRIBUIDORA DE PERFUMES E COSMETICOS LTDA;21:00 - 21:59;69,89;0,16;69,89;1,00;10,00;69,89
19/09/2026;24617 - ACQUA DISTRIBUIDORA DE PERFUMES E COSMETICOS LTDA;09:00 - 09:59;164,90;0,38;119,95;2,00;11,11;82,45
19/09/2026;24617 - ACQUA DISTRIBUIDORA DE PERFUMES E COSMETICOS LTDA;10:00 - 10:59;327,81;0,75;327,81;1,00;5,56;327,81
19/09/2026;24617 - ACQUA DISTRIBUIDORA DE PERFUMES E COSMETICOS LTDA;11:00 - 11:59;22,45;0,05;22,45;1,00;5,56;22,45
19/09/2026;24617 - ACQUA DISTRIBUIDORA DE PERFUMES E COSMETICOS LTDA;13:00 - 13:59;719,26;1,66;275,49;4,00;22,22;179,81
19/09/2026;24617 - ACQUA DISTRIBUIDORA DE PERFUMES E COSMETICOS LTDA;14:00 - 14:59;149,34;0,34;149,34;1,00;5,56;149,34
19/09/2026;24617 - ACQUA DISTRIBUIDORA DE PERFUMES E COSMETICOS LTDA;15:00 - 15:59;119,60;0,28;54,80;3,00;16,67;39,87
19/09/2026;24617 - ACQUA DISTRIBUIDORA DE PERFUMES E COSMETICOS LTDA;19:00 - 19:59;82,90;0,19;82,90;1,00;5,56;82,90
19/09/2026;24617 - ACQUA DISTRIBUIDORA DE PERFUMES E COSMETICOS LTDA;20:00 - 20:59;730,85;1,68;279,80;5,00;27,78;146,17
20/09/2026;24617 - ACQUA DISTRIBUIDORA DE PERFUMES E COSMETICOS LTDA;10:00 - 10:59;450,25;1,04;450,25;1,00;25,00;450,25
20/09/2026;24617 - ACQUA DISTRIBUIDORA DE PERFUMES E COSMETICOS LTDA;12:00 - 12:59;133,28;0,31;133,28;1,00;25,00;133,28
20/09/2026;24617 - ACQUA DISTRIBUIDORA DE PERFUMES E COSMETICOS LTDA;13:00 - 13:59;165,00;0,38;165,00;1,00;25,00;165,00
20/09/2026;24617 - ACQUA DISTRIBUIDORA DE PERFUMES E COSMETICOS LTDA;15:00 - 15:59;170,00;0,39;170,00;1,00;25,00;170,00
31/08/2026;24668 - ACQUA DISTRIBUIDORA DE PERFUMES E COSMETICOS LTDA;09:00 - 09:59;394,00;0,32;234,00;2,00;6,45;197,00
31/08/2026;24668 - ACQUA DISTRIBUIDORA DE PERFUMES E COSMETICOS LTDA;10:00 - 10:59;844,53;0,69;245,00;7,00;22,58;120,65
31/08/2026;24668 - ACQUA DISTRIBUIDORA DE PERFUMES E COSMETICOS LTDA;12:00 - 12:59;193,01;0,16;193,00;2,00;6,45;96,50
31/08/2026;24668 - ACQUA DISTRIBUIDORA DE PERFUMES E COSMETICOS LTDA;13:00 - 13:59;373,45;0,31;210,00;2,00;6,45;186,72
31/08/2026;24668 - ACQUA DISTRIBUIDORA DE PERFUMES E COSMETICOS LTDA;14:00 - 14:59;696,97;0,57;696,97;1,00;3,23;696,97
31/08/2026;24668 - ACQUA DISTRIBUIDORA DE PERFUMES E COSMETICOS LTDA;15:00 - 15:59;1660,28;1,36;512,29;6,00;19,35;276,71
31/08/2026;24668 - ACQUA DISTRIBUIDORA DE PERFUMES E COSMETICOS LTDA;16:00 - 16:59;497,57;0,41;173,00;5,00;16,13;99,51
31/08/2026;24668 - ACQUA DISTRIBUIDORA DE PERFUMES E COSMETICOS LTDA;17:00 - 17:59;754,56;0,62;216,21;6,00;19,35;125,76
01/09/2026;24668 - ACQUA DISTRIBUIDORA DE PERFUMES E COSMETICOS LTDA;08:00 - 08:59;244,00;0,20;244,00;1,00;3,70;244,00
01/09/2026;24668 - ACQUA DISTRIBUIDORA DE PERFUMES E COSMETICOS LTDA;09:00 - 09:59;109,90;0,09;109,90;1,00;3,70;109,90
01/09/2026;24668 - ACQUA DISTRIBUIDORA DE PERFUMES E COSMETICOS LTDA;10:00 - 10:59;420,80;0,34;201,00;3,00;11,11;140,27
01/09/2026;24668 - ACQUA DISTRIBUIDORA DE PERFUMES E COSMETICOS LTDA;11:00 - 11:59;297,00;0,24;297,00;1,00;3,70;297,00
01/09/2026;24668 - ACQUA DISTRIBUIDORA DE PERFUMES E COSMETICOS LTDA;12:00 - 12:59;1611,99;1,32;377,29;6,00;22,22;268,66
01/09/2026;24668 - ACQUA DISTRIBUIDORA DE PERFUMES E COSMETICOS LTDA;13:00 - 13:59;220,00;0,18;220,00;1,00;3,70;220,00
01/09/2026;24668 - ACQUA DISTRIBUIDORA DE PERFUMES E COSMETICOS LTDA;14:00 - 14:59;1034,15;0,85;373,00;5,00;18,52;206,83
01/09/2026;24668 - ACQUA DISTRIBUIDORA DE PERFUMES E COSMETICOS LTDA;15:00 - 15:59;171,00;0,14;171,00;1,00;3,70;171,00
01/09/2026;24668 - ACQUA DISTRIBUIDORA DE PERFUMES E COSMETICOS LTDA;16:00 - 16:59;1687,57;1,38;510,42;6,00;22,22;281,26
01/09/2026;24668 - ACQUA DISTRIBUIDORA DE PERFUMES E COSMETICOS LTDA;17:00 - 17:59;280,76;0,23;240,81;2,00;7,41;140,38
02/09/2026;24668 - ACQUA DISTRIBUIDORA DE PERFUMES E COSMETICOS LTDA;08:00 - 08:59;279,90;0,23;279,90;1,00;2,86;279,90
02/09/2026;24668 - ACQUA DISTRIBUIDORA DE PERFUMES E COSMETICOS LTDA;09:00 - 09:59;793,82;0,65;278,74;5,00;14,29;158,76
02/09/2026;24668 - ACQUA DISTRIBUIDORA DE PERFUMES E COSMETICOS LTDA;10:00 - 10:59;2348,25;1,92;1139,00;7,00;20,00;335,46
02/09/2026;24668 - ACQUA DISTRIBUIDORA DE PERFUMES E COSMETICOS LTDA;11:00 - 11:59;1243,31;1,02;539,00;6,00;17,14;207,22
02/09/2026;24668 - ACQUA DISTRIBUIDORA DE PERFUMES E COSMETICOS LTDA;13:00 - 13:59;814,95;0,67;294,90;4,00;11,43;203,74
02/09/2026;24668 - ACQUA DISTRIBUIDORA DE PERFUMES E COSMETICOS LTDA;14:00 - 14:59;378,90;0,31;174,90;3,00;8,57;126,30
02/09/2026;24668 - ACQUA DISTRIBUIDORA DE PERFUMES E COSMETICOS LTDA;15:00 - 15:59;541,35;0,44;210,00;4,00;11,43;135,34
02/09/2026;24668 - ACQUA DISTRIBUIDORA DE PERFUMES E COSMETICOS LTDA;16:00 - 16:59;311,70;0,26;170,00;2,00;5,71;155,85
02/09/2026;24668 - ACQUA DISTRIBUIDORA DE PERFUMES E COSMETICOS LTDA;17:00 - 17:59;773,89;0,63;475,99;3,00;8,57;257,96
03/09/2026;24668 - ACQUA DISTRIBUIDORA DE PERFUMES E COSMETICOS LTDA;08:00 - 08:59;159,75;0,13;99,90;2,00;5,41;79,87
03/09/2026;24668 - ACQUA DISTRIBUIDORA DE PERFUMES E COSMETICOS LTDA;09:00 - 09:59;538,00;0,44;365,00;2,00;5,41;269,00
03/09/2026;24668 - ACQUA DISTRIBUIDORA DE PERFUMES E COSMETICOS LTDA;10:00 - 10:59;1499,50;1,23;320,00;9,00;24,32;166,61
03/09/2026;24668 - ACQUA DISTRIBUIDORA DE PERFUMES E COSMETICOS LTDA;11:00 - 11:59;1084,80;0,89;460,00;4,00;10,81;271,20
03/09/2026;24668 - ACQUA DISTRIBUIDORA DE PERFUMES E COSMETICOS LTDA;13:00 - 13:59;847,69;0,69;281,69;4,00;10,81;211,92
03/09/2026;24668 - ACQUA DISTRIBUIDORA DE PERFUMES E COSMETICOS LTDA;14:00 - 14:59;217,40;0,18;217,40;1,00;2,70;217,40
03/09/2026;24668 - ACQUA DISTRIBUIDORA DE PERFUMES E COSMETICOS LTDA;15:00 - 15:59;77,99;0,06;77,99;1,00;2,70;77,99
03/09/2026;24668 - ACQUA DISTRIBUIDORA DE PERFUMES E COSMETICOS LTDA;16:00 - 16:59;1964,54;1,61;330,00;8,00;21,62;245,57
03/09/2026;24668 - ACQUA DISTRIBUIDORA DE PERFUMES E COSMETICOS LTDA;17:00 - 17:59;805,82;0,66;167,92;6,00;16,22;134,30
04/09/2026;24668 - ACQUA DISTRIBUIDORA DE PERFUMES E COSMETICOS LTDA;08:00 - 08:59;58,20;0,05;58,20;1,00;3,03;58,20
04/09/2026;24668 - ACQUA DISTRIBUIDORA DE PERFUMES E COSMETICOS LTDA;10:00 - 10:59;669,95;0,55;382,00;4,00;12,12;167,49
04/09/2026;24668 - ACQUA DISTRIBUIDORA DE PERFUMES E COSMETICOS LTDA;11:00 - 11:59;940,00;0,77;591,30;3,00;9,09;313,33
04/09/2026;24668 - ACQUA DISTRIBUIDORA DE PERFUMES E COSMETICOS LTDA;12:00 - 12:59;253,00;0,21;253,00;1,00;3,03;253,00
04/09/2026;24668 - ACQUA DISTRIBUIDORA DE PERFUMES E COSMETICOS LTDA;14:00 - 14:59;644,35;0,53;160,70;5,00;15,15;128,87
04/09/2026;24668 - ACQUA DISTRIBUIDORA DE PERFUMES E COSMETICOS LTDA;15:00 - 15:59;808,72;0,66;256,30;6,00;18,18;134,79
04/09/2026;24668 - ACQUA DISTRIBUIDORA DE PERFUMES E COSMETICOS LTDA;16:00 - 16:59;403,29;0,33;200,39;3,00;9,09;134,43
04/09/2026;24668 - ACQUA DISTRIBUIDORA DE PERFUMES E COSMETICOS LTDA;17:00 - 17:59;1492,48;1,22;389,73;10,00;30,30;149,25
05/09/2026;24668 - ACQUA DISTRIBUIDORA DE PERFUMES E COSMETICOS LTDA;08:00 - 08:59;1033,24;0,85;512,61;3,00;6,98;344,41
05/09/2026;24668 - ACQUA DISTRIBUIDORA DE PERFUMES E COSMETICOS LTDA;09:00 - 09:59;1278,33;1,05;472,18;6,00;13,95;213,05
05/09/2026;24668 - ACQUA DISTRIBUIDORA DE PERFUMES E COSMETICOS LTDA;10:00 - 10:59;1925,21;1,58;300,00;8,00;18,60;240,65
05/09/2026;24668 - ACQUA DISTRIBUIDORA DE PERFUMES E COSMETICOS LTDA;11:00 - 11:59;2294,02;1,88;310,00;14,00;32,56;163,86
05/09/2026;24668 - ACQUA DISTRIBUIDORA DE PERFUMES E COSMETICOS LTDA;12:00 - 12:59;2076,71;1,70;707,00;8,00;18,60;259,59
05/09/2026;24668 - ACQUA DISTRIBUIDORA DE PERFUMES E COSMETICOS LTDA;13:00 - 13:59;840,30;0,69;308,60;4,00;9,30;210,07
08/09/2026;24668 - ACQUA DISTRIBUIDORA DE PERFUMES E COSMETICOS LTDA;08:00 - 08:59;243,00;0,20;243,00;1,00;2,63;243,00
08/09/2026;24668 - ACQUA DISTRIBUIDORA DE PERFUMES E COSMETICOS LTDA;09:00 - 09:59;846,16;0,69;355,80;5,00;13,16;169,23
08/09/2026;24668 - ACQUA DISTRIBUIDORA DE PERFUMES E COSMETICOS LTDA;10:00 - 10:59;717,80;0,59;307,60;4,00;10,53;179,45
08/09/2026;24668 - ACQUA DISTRIBUIDORA DE PERFUMES E COSMETICOS LTDA;11:00 - 11:59;764,61;0,63;255,00;9,00;23,68;84,96
08/09/2026;24668 - ACQUA DISTRIBUIDORA DE PERFUMES E COSMETICOS LTDA;12:00 - 12:59;887,56;0,73;507,66;2,00;5,26;443,78
08/09/2026;24668 - ACQUA DISTRIBUIDORA DE PERFUMES E COSMETICOS LTDA;13:00 - 13:59;606,80;0,50;417,80;2,00;5,26;303,40
08/09/2026;24668 - ACQUA DISTRIBUIDORA DE PERFUMES E COSMETICOS LTDA;14:00 - 14:59;626,00;0,51;509,00;2,00;5,26;313,00
08/09/2026;24668 - ACQUA DISTRIBUIDORA DE PERFUMES E COSMETICOS LTDA;15:00 - 15:59;469,80;0,38;191,00;3,00;7,89;156,60
08/09/2026;24668 - ACQUA DISTRIBUIDORA DE PERFUMES E COSMETICOS LTDA;16:00 - 16:59;982,80;0,80;422,00;5,00;13,16;196,56
08/09/2026;24668 - ACQUA DISTRIBUIDORA DE PERFUMES E COSMETICOS LTDA;17:00 - 17:59;904,78;0,74;306,00;5,00;13,16;180,96
09/09/2026;24668 - ACQUA DISTRIBUIDORA DE PERFUMES E COSMETICOS LTDA;08:00 - 08:59;425,25;0,35;251,00;2,00;5,41;212,62
09/09/2026;24668 - ACQUA DISTRIBUIDORA DE PERFUMES E COSMETICOS LTDA;09:00 - 09:59;602,56;0,49;259,90;7,00;18,92;86,08
09/09/2026;24668 - ACQUA DISTRIBUIDORA DE PERFUMES E COSMETICOS LTDA;10:00 - 10:59;445,19;0,36;265,00;2,00;5,41;222,59
09/09/2026;24668 - ACQUA DISTRIBUIDORA DE PERFUMES E COSMETICOS LTDA;11:00 - 11:59;220,00;0,18;220,00;1,00;2,70;220,00
09/09/2026;24668 - ACQUA DISTRIBUIDORA DE PERFUMES E COSMETICOS LTDA;12:00 - 12:59;213,02;0,17;213,00;3,00;8,11;71,01
09/09/2026;24668 - ACQUA DISTRIBUIDORA DE PERFUMES E COSMETICOS LTDA;13:00 - 13:59;460,80;0,38;460,80;1,00;2,70;460,80
09/09/2026;24668 - ACQUA DISTRIBUIDORA DE PERFUMES E COSMETICOS LTDA;14:00 - 14:59;950,72;0,78;516,00;5,00;13,51;190,14
09/09/2026;24668 - ACQUA DISTRIBUIDORA DE PERFUMES E COSMETICOS LTDA;15:00 - 15:59;539,52;0,44;235,50;5,00;13,51;107,90
09/09/2026;24668 - ACQUA DISTRIBUIDORA DE PERFUMES E COSMETICOS LTDA;16:00 - 16:59;1312,90;1,08;360,00;7,00;18,92;187,56
09/09/2026;24668 - ACQUA DISTRIBUIDORA DE PERFUMES E COSMETICOS LTDA;17:00 - 17:59;687,90;0,56;230,00;4,00;10,81;171,97
10/09/2026;24668 - ACQUA DISTRIBUIDORA DE PERFUMES E COSMETICOS LTDA;09:00 - 09:59;216,77;0,18;216,77;1,00;2,63;216,77
10/09/2026;24668 - ACQUA DISTRIBUIDORA DE PERFUMES E COSMETICOS LTDA;10:00 - 10:59;933,59;0,76;526,39;8,00;21,05;116,70
10/09/2026;24668 - ACQUA DISTRIBUIDORA DE PERFUMES E COSMETICOS LTDA;11:00 - 11:59;274,02;0,22;173,00;3,00;7,89;91,34
10/09/2026;24668 - ACQUA DISTRIBUIDORA DE PERFUMES E COSMETICOS LTDA;12:00 - 12:59;821,54;0,67;322,00;4,00;10,53;205,38
10/09/2026;24668 - ACQUA DISTRIBUIDORA DE PERFUMES E COSMETICOS LTDA;14:00 - 14:59;700,17;0,57;236,70;4,00;10,53;175,04
10/09/2026;24668 - ACQUA DISTRIBUIDORA DE PERFUMES E COSMETICOS LTDA;15:00 - 15:59;395,92;0,32;139,90;6,00;15,79;65,99
10/09/2026;24668 - ACQUA DISTRIBUIDORA DE PERFUMES E COSMETICOS LTDA;16:00 - 16:59;877,72;0,72;325,00;6,00;15,79;146,29
10/09/2026;24668 - ACQUA DISTRIBUIDORA DE PERFUMES E COSMETICOS LTDA;17:00 - 17:59;658,09;0,54;192,20;6,00;15,79;109,68
11/09/2026;24668 - ACQUA DISTRIBUIDORA DE PERFUMES E COSMETICOS LTDA;08:00 - 08:59;829,00;0,68;440,00;2,00;5,26;414,50
11/09/2026;24668 - ACQUA DISTRIBUIDORA DE PERFUMES E COSMETICOS LTDA;09:00 - 09:59;136,90;0,11;136,90;1,00;2,63;136,90
11/09/2026;24668 - ACQUA DISTRIBUIDORA DE PERFUMES E COSMETICOS LTDA;10:00 - 10:59;719,96;0,59;192,19;7,00;18,42;102,85
11/09/2026;24668 - ACQUA DISTRIBUIDORA DE PERFUMES E COSMETICOS LTDA;11:00 - 11:59;1452,61;1,19;386,05;9,00;23,68;161,40
11/09/2026;24668 - ACQUA DISTRIBUIDORA DE PERFUMES E COSMETICOS LTDA;12:00 - 12:59;1453,15;1,19;971,00;5,00;13,16;290,63
11/09/2026;24668 - ACQUA DISTRIBUIDORA DE PERFUMES E COSMETICOS LTDA;14:00 - 14:59;719,00;0,59;719,00;1,00;2,63;719,00
11/09/2026;24668 - ACQUA DISTRIBUIDORA DE PERFUMES E COSMETICOS LTDA;15:00 - 15:59;314,90;0,26;262,00;2,00;5,26;157,45
11/09/2026;24668 - ACQUA DISTRIBUIDORA DE PERFUMES E COSMETICOS LTDA;16:00 - 16:59;974,84;0,80;328,91;6,00;15,79;162,47
11/09/2026;24668 - ACQUA DISTRIBUIDORA DE PERFUMES E COSMETICOS LTDA;17:00 - 17:59;955,86;0,78;454,00;5,00;13,16;191,17
12/09/2026;24668 - ACQUA DISTRIBUIDORA DE PERFUMES E COSMETICOS LTDA;08:00 - 08:59;768,60;0,63;235,00;5,00;16,13;153,72
12/09/2026;24668 - ACQUA DISTRIBUIDORA DE PERFUMES E COSMETICOS LTDA;09:00 - 09:59;1077,05;0,88;425,00;4,00;12,90;269,26
12/09/2026;24668 - ACQUA DISTRIBUIDORA DE PERFUMES E COSMETICOS LTDA;10:00 - 10:59;1884,34;1,54;532,59;6,00;19,35;314,06
12/09/2026;24668 - ACQUA DISTRIBUIDORA DE PERFUMES E COSMETICOS LTDA;11:00 - 11:59;1479,20;1,21;370,00;9,00;29,03;164,36
12/09/2026;24668 - ACQUA DISTRIBUIDORA DE PERFUMES E COSMETICOS LTDA;12:00 - 12:59;421,87;0,35;179,64;3,00;9,68;140,62
12/09/2026;24668 - ACQUA DISTRIBUIDORA DE PERFUMES E COSMETICOS LTDA;13:00 - 13:59;185,00;0,15;95,00;2,00;6,45;92,50
12/09/2026;24668 - ACQUA DISTRIBUIDORA DE PERFUMES E COSMETICOS LTDA;14:00 - 14:59;517,35;0,42;285,35;2,00;6,45;258,67
14/09/2026;24668 - ACQUA DISTRIBUIDORA DE PERFUMES E COSMETICOS LTDA;09:00 - 09:59;587,46;0,48;174,90;5,00;14,71;117,49
14/09/2026;24668 - ACQUA DISTRIBUIDORA DE PERFUMES E COSMETICOS LTDA;10:00 - 10:59;1565,00;1,28;398,02;6,00;17,65;260,83
14/09/2026;24668 - ACQUA DISTRIBUIDORA DE PERFUMES E COSMETICOS LTDA;11:00 - 11:59;289,07;0,24;166,01;2,00;5,88;144,53
14/09/2026;24668 - ACQUA DISTRIBUIDORA DE PERFUMES E COSMETICOS LTDA;12:00 - 12:59;275,73;0,23;175,80;3,00;8,82;91,91
14/09/2026;24668 - ACQUA DISTRIBUIDORA DE PERFUMES E COSMETICOS LTDA;13:00 - 13:59;866,62;0,71;222,80;5,00;14,71;173,32
14/09/2026;24668 - ACQUA DISTRIBUIDORA DE PERFUMES E COSMETICOS LTDA;14:00 - 14:59;343,25;0,28;190,25;2,00;5,88;171,62
14/09/2026;24668 - ACQUA DISTRIBUIDORA DE PERFUMES E COSMETICOS LTDA;15:00 - 15:59;400,95;0,33;175,91;5,00;14,71;80,19
14/09/2026;24668 - ACQUA DISTRIBUIDORA DE PERFUMES E COSMETICOS LTDA;16:00 - 16:59;469,25;0,38;227,45;4,00;11,76;117,31
14/09/2026;24668 - ACQUA DISTRIBUIDORA DE PERFUMES E COSMETICOS LTDA;17:00 - 17:59;455,00;0,37;245,00;2,00;5,88;227,50
15/09/2026;24668 - ACQUA DISTRIBUIDORA DE PERFUMES E COSMETICOS LTDA;08:00 - 08:59;388,44;0,32;220,00;2,00;2,63;194,22
15/09/2026;24668 - ACQUA DISTRIBUIDORA DE PERFUMES E COSMETICOS LTDA;09:00 - 09:59;928,56;0,76;526,66;3,00;3,95;309,52
15/09/2026;24668 - ACQUA DISTRIBUIDORA DE PERFUMES E COSMETICOS LTDA;10:00 - 10:59;172,00;0,14;172,00;1,00;1,32;172,00
15/09/2026;24668 - ACQUA DISTRIBUIDORA DE PERFUMES E COSMETICOS LTDA;11:00 - 11:59;2492,58;2,04;534,00;11,00;14,47;226,60
15/09/2026;24668 - ACQUA DISTRIBUIDORA DE PERFUMES E COSMETICOS LTDA;12:00 - 12:59;1843,41;1,51;440,78;8,00;10,53;230,43
15/09/2026;24668 - ACQUA DISTRIBUIDORA DE PERFUMES E COSMETICOS LTDA;13:00 - 13:59;2360,80;1,93;546,50;8,00;10,53;295,10
15/09/2026;24668 - ACQUA DISTRIBUIDORA DE PERFUMES E COSMETICOS LTDA;14:00 - 14:59;892,40;0,73;368,78;4,00;5,26;223,10
15/09/2026;24668 - ACQUA DISTRIBUIDORA DE PERFUMES E COSMETICOS LTDA;15:00 - 15:59;1790,88;1,47;419,73;8,00;10,53;223,86
15/09/2026;24668 - ACQUA DISTRIBUIDORA DE PERFUMES E COSMETICOS LTDA;16:00 - 16:59;2902,14;2,38;417,00;17,00;22,37;170,71
15/09/2026;24668 - ACQUA DISTRIBUIDORA DE PERFUMES E COSMETICOS LTDA;17:00 - 17:59;2655,96;2,17;530,00;11,00;14,47;241,45
15/09/2026;24668 - ACQUA DISTRIBUIDORA DE PERFUMES E COSMETICOS LTDA;18:00 - 18:59;687,83;0,56;383,10;3,00;3,95;229,28
17/09/2026;24668 - ACQUA DISTRIBUIDORA DE PERFUMES E COSMETICOS LTDA;08:00 - 08:59;379,70;0,31;379,70;1,00;2,78;379,70
17/09/2026;24668 - ACQUA DISTRIBUIDORA DE PERFUMES E COSMETICOS LTDA;09:00 - 09:59;881,44;0,72;296,64;6,00;16,67;146,91
17/09/2026;24668 - ACQUA DISTRIBUIDORA DE PERFUMES E COSMETICOS LTDA;10:00 - 10:59;838,55;0,69;339,80;4,00;11,11;209,64
17/09/2026;24668 - ACQUA DISTRIBUIDORA DE PERFUMES E COSMETICOS LTDA;11:00 - 11:59;1102,62;0,90;420,00;7,00;19,44;157,52
17/09/2026;24668 - ACQUA DISTRIBUIDORA DE PERFUMES E COSMETICOS LTDA;12:00 - 12:59;363,00;0,30;230,00;2,00;5,56;181,50
17/09/2026;24668 - ACQUA DISTRIBUIDORA DE PERFUMES E COSMETICOS LTDA;13:00 - 13:59;763,85;0,63;268,00;4,00;11,11;190,96
17/09/2026;24668 - ACQUA DISTRIBUIDORA DE PERFUMES E COSMETICOS LTDA;14:00 - 14:59;629,06;0,52;300,00;4,00;11,11;157,26
17/09/2026;24668 - ACQUA DISTRIBUIDORA DE PERFUMES E COSMETICOS LTDA;15:00 - 15:59;660,00;0,54;400,00;2,00;5,56;330,00
17/09/2026;24668 - ACQUA DISTRIBUIDORA DE PERFUMES E COSMETICOS LTDA;16:00 - 16:59;315,80;0,26;164,90;2,00;5,56;157,90
17/09/2026;24668 - ACQUA DISTRIBUIDORA DE PERFUMES E COSMETICOS LTDA;17:00 - 17:59;1557,10;1,28;881,88;4,00;11,11;389,27
18/09/2026;24668 - ACQUA DISTRIBUIDORA DE PERFUMES E COSMETICOS LTDA;08:00 - 08:59;163,00;0,13;163,00;1,00;1,61;163,00
18/09/2026;24668 - ACQUA DISTRIBUIDORA DE PERFUMES E COSMETICOS LTDA;09:00 - 09:59;318,45;0,26;236,00;2,00;3,23;159,22
18/09/2026;24668 - ACQUA DISTRIBUIDORA DE PERFUMES E COSMETICOS LTDA;10:00 - 10:59;352,70;0,29;174,80;3,00;4,84;117,57
18/09/2026;24668 - ACQUA DISTRIBUIDORA DE PERFUMES E COSMETICOS LTDA;11:00 - 11:59;1051,80;0,86;280,00;6,00;9,68;175,30
18/09/2026;24668 - ACQUA DISTRIBUIDORA DE PERFUMES E COSMETICOS LTDA;12:00 - 12:59;1866,00;1,53;524,00;9,00;14,52;207,33
18/09/2026;24668 - ACQUA DISTRIBUIDORA DE PERFUMES E COSMETICOS LTDA;13:00 - 13:59;1321,86;1,08;477,00;4,00;6,45;330,46
18/09/2026;24668 - ACQUA DISTRIBUIDORA DE PERFUMES E COSMETICOS LTDA;14:00 - 14:59;1683,02;1,38;279,84;9,00;14,52;187,00
18/09/2026;24668 - ACQUA DISTRIBUIDORA DE PERFUMES E COSMETICOS LTDA;15:00 - 15:59;1231,50;1,01;430,00;6,00;9,68;205,25
18/09/2026;24668 - ACQUA DISTRIBUIDORA DE PERFUMES E COSMETICOS LTDA;16:00 - 16:59;1752,64;1,44;337,00;10,00;16,13;175,26
18/09/2026;24668 - ACQUA DISTRIBUIDORA DE PERFUMES E COSMETICOS LTDA;17:00 - 17:59;1511,31;1,24;285,00;10,00;16,13;151,13
18/09/2026;24668 - ACQUA DISTRIBUIDORA DE PERFUMES E COSMETICOS LTDA;18:00 - 18:59;239,90;0,20;121,90;2,00;3,23;119,95
19/09/2026;24668 - ACQUA DISTRIBUIDORA DE PERFUMES E COSMETICOS LTDA;08:00 - 08:59;578,00;0,47;398,00;2,00;3,85;289,00
19/09/2026;24668 - ACQUA DISTRIBUIDORA DE PERFUMES E COSMETICOS LTDA;09:00 - 09:59;1343,70;1,10;515,00;8,00;15,38;167,96
19/09/2026;24668 - ACQUA DISTRIBUIDORA DE PERFUMES E COSMETICOS LTDA;10:00 - 10:59;1203,71;0,99;267,00;8,00;15,38;150,46
19/09/2026;24668 - ACQUA DISTRIBUIDORA DE PERFUMES E COSMETICOS LTDA;11:00 - 11:59;1370,47;1,12;344,62;10,00;19,23;137,05
19/09/2026;24668 - ACQUA DISTRIBUIDORA DE PERFUMES E COSMETICOS LTDA;12:00 - 12:59;2038,52;1,67;309,90;14,00;26,92;145,61
19/09/2026;24668 - ACQUA DISTRIBUIDORA DE PERFUMES E COSMETICOS LTDA;13:00 - 13:59;1416,35;1,16;317,70;8,00;15,38;177,04
19/09/2026;24668 - ACQUA DISTRIBUIDORA DE PERFUMES E COSMETICOS LTDA;14:00 - 14:59;251,19;0,21;152,84;2,00;3,85;125,59
31/08/2026;24669 - 24669 ACQUA DISTRIBUIDORA DE PERFUMES E;08:00 - 08:59;282,62;0,36;162,72;2,00;15,38;141,31
31/08/2026;24669 - 24669 ACQUA DISTRIBUIDORA DE PERFUMES E;09:00 - 09:59;384,43;0,48;207,03;2,00;15,38;192,21
31/08/2026;24669 - 24669 ACQUA DISTRIBUIDORA DE PERFUMES E;10:00 - 10:59;521,92;0,66;521,92;1,00;7,69;521,92
31/08/2026;24669 - 24669 ACQUA DISTRIBUIDORA DE PERFUMES E;12:00 - 12:59;232,80;0,29;184,80;2,00;15,38;116,40
31/08/2026;24669 - 24669 ACQUA DISTRIBUIDORA DE PERFUMES E;14:00 - 14:59;793,81;1,00;642,32;3,00;23,08;264,60
31/08/2026;24669 - 24669 ACQUA DISTRIBUIDORA DE PERFUMES E;15:00 - 15:59;143,80;0,18;143,80;1,00;7,69;143,80
31/08/2026;24669 - 24669 ACQUA DISTRIBUIDORA DE PERFUMES E;16:00 - 16:59;0,01;0,00;0,01;1,00;7,69;0,01
31/08/2026;24669 - 24669 ACQUA DISTRIBUIDORA DE PERFUMES E;17:00 - 17:59;90,00;0,11;90,00;1,00;7,69;90,00
01/09/2026;24669 - 24669 ACQUA DISTRIBUIDORA DE PERFUMES E;09:00 - 09:59;829,26;1,04;577,29;3,00;20,00;276,42
01/09/2026;24669 - 24669 ACQUA DISTRIBUIDORA DE PERFUMES E;10:00 - 10:59;94,00;0,12;94,00;1,00;6,67;94,00
01/09/2026;24669 - 24669 ACQUA DISTRIBUIDORA DE PERFUMES E;11:00 - 11:59;466,51;0,59;214,70;3,00;20,00;155,50
01/09/2026;24669 - 24669 ACQUA DISTRIBUIDORA DE PERFUMES E;13:00 - 13:59;394,54;0,50;223,54;2,00;13,33;197,27
01/09/2026;24669 - 24669 ACQUA DISTRIBUIDORA DE PERFUMES E;14:00 - 14:59;735,10;0,92;259,90;3,00;20,00;245,03
01/09/2026;24669 - 24669 ACQUA DISTRIBUIDORA DE PERFUMES E;16:00 - 16:59;250,00;0,31;250,00;1,00;6,67;250,00
01/09/2026;24669 - 24669 ACQUA DISTRIBUIDORA DE PERFUMES E;17:00 - 17:59;374,70;0,47;209,90;2,00;13,33;187,35
02/09/2026;24669 - 24669 ACQUA DISTRIBUIDORA DE PERFUMES E;08:00 - 08:59;1050,31;1,32;1050,31;1,00;5,88;1050,31
02/09/2026;24669 - 24669 ACQUA DISTRIBUIDORA DE PERFUMES E;09:00 - 09:59;77,80;0,10;77,80;1,00;5,88;77,80
02/09/2026;24669 - 24669 ACQUA DISTRIBUIDORA DE PERFUMES E;10:00 - 10:59;1750,60;2,20;500,25;5,00;29,41;350,12
02/09/2026;24669 - 24669 ACQUA DISTRIBUIDORA DE PERFUMES E;11:00 - 11:59;249,90;0,31;249,90;1,00;5,88;249,90
02/09/2026;24669 - 24669 ACQUA DISTRIBUIDORA DE PERFUMES E;12:00 - 12:59;210,00;0,26;210,00;1,00;5,88;210,00
02/09/2026;24669 - 24669 ACQUA DISTRIBUIDORA DE PERFUMES E;13:00 - 13:59;798,12;1,00;630,40;2,00;11,76;399,06
02/09/2026;24669 - 24669 ACQUA DISTRIBUIDORA DE PERFUMES E;14:00 - 14:59;72,00;0,09;72,00;1,00;5,88;72,00
02/09/2026;24669 - 24669 ACQUA DISTRIBUIDORA DE PERFUMES E;15:00 - 15:59;307,23;0,39;216,43;2,00;11,76;153,61
02/09/2026;24669 - 24669 ACQUA DISTRIBUIDORA DE PERFUMES E;17:00 - 17:59;249,47;0,31;119,90;3,00;17,65;83,16
03/09/2026;24669 - 24669 ACQUA DISTRIBUIDORA DE PERFUMES E;09:00 - 09:59;275,69;0,35;196,34;2,00;9,09;137,84
03/09/2026;24669 - 24669 ACQUA DISTRIBUIDORA DE PERFUMES E;10:00 - 10:59;1086,53;1,37;492,21;3,00;13,64;362,18
03/09/2026;24669 - 24669 ACQUA DISTRIBUIDORA DE PERFUMES E;11:00 - 11:59;856,75;1,08;260,00;5,00;22,73;171,35
03/09/2026;24669 - 24669 ACQUA DISTRIBUIDORA DE PERFUMES E;12:00 - 12:59;663,31;0,83;274,18;3,00;13,64;221,10
03/09/2026;24669 - 24669 ACQUA DISTRIBUIDORA DE PERFUMES E;13:00 - 13:59;463,50;0,58;272,70;2,00;9,09;231,75
03/09/2026;24669 - 24669 ACQUA DISTRIBUIDORA DE PERFUMES E;14:00 - 14:59;161,17;0,20;134,91;2,00;9,09;80,58
03/09/2026;24669 - 24669 ACQUA DISTRIBUIDORA DE PERFUMES E;15:00 - 15:59;257,17;0,32;257,17;1,00;4,55;257,17
03/09/2026;24669 - 24669 ACQUA DISTRIBUIDORA DE PERFUMES E;16:00 - 16:59;773,82;0,97;401,47;2,00;9,09;386,91
03/09/2026;24669 - 24669 ACQUA DISTRIBUIDORA DE PERFUMES E;17:00 - 17:59;397,80;0,50;222,00;2,00;9,09;198,90
04/09/2026;24669 - 24669 ACQUA DISTRIBUIDORA DE PERFUMES E;08:00 - 08:59;377,86;0,48;302,36;2,00;7,14;188,93
04/09/2026;24669 - 24669 ACQUA DISTRIBUIDORA DE PERFUMES E;09:00 - 09:59;556,44;0,70;269,94;3,00;10,71;185,48
04/09/2026;24669 - 24669 ACQUA DISTRIBUIDORA DE PERFUMES E;10:00 - 10:59;171,00;0,22;171,00;1,00;3,57;171,00
04/09/2026;24669 - 24669 ACQUA DISTRIBUIDORA DE PERFUMES E;11:00 - 11:59;115,52;0,15;70,62;2,00;7,14;57,76
04/09/2026;24669 - 24669 ACQUA DISTRIBUIDORA DE PERFUMES E;12:00 - 12:59;112,90;0,14;112,90;1,00;3,57;112,90
04/09/2026;24669 - 24669 ACQUA DISTRIBUIDORA DE PERFUMES E;13:00 - 13:59;961,54;1,21;557,64;3,00;10,71;320,51
04/09/2026;24669 - 24669 ACQUA DISTRIBUIDORA DE PERFUMES E;14:00 - 14:59;834,40;1,05;469,60;3,00;10,71;278,13
04/09/2026;24669 - 24669 ACQUA DISTRIBUIDORA DE PERFUMES E;15:00 - 15:59;704,93;0,89;371,33;3,00;10,71;234,98
04/09/2026;24669 - 24669 ACQUA DISTRIBUIDORA DE PERFUMES E;16:00 - 16:59;1091,64;1,37;343,23;4,00;14,29;272,91
04/09/2026;24669 - 24669 ACQUA DISTRIBUIDORA DE PERFUMES E;17:00 - 17:59;635,20;0,80;208,40;5,00;17,86;127,04
04/09/2026;24669 - 24669 ACQUA DISTRIBUIDORA DE PERFUMES E;18:00 - 18:59;295,46;0,37;295,46;1,00;3,57;295,46
05/09/2026;24669 - 24669 ACQUA DISTRIBUIDORA DE PERFUMES E;08:00 - 08:59;361,03;0,45;195,88;2,00;5,88;180,51
05/09/2026;24669 - 24669 ACQUA DISTRIBUIDORA DE PERFUMES E;09:00 - 09:59;1010,06;1,27;665,46;3,00;8,82;336,69
05/09/2026;24669 - 24669 ACQUA DISTRIBUIDORA DE PERFUMES E;10:00 - 10:59;1411,30;1,78;265,70;11,00;32,35;128,30
05/09/2026;24669 - 24669 ACQUA DISTRIBUIDORA DE PERFUMES E;11:00 - 11:59;1795,83;2,26;394,40;9,00;26,47;199,54
05/09/2026;24669 - 24669 ACQUA DISTRIBUIDORA DE PERFUMES E;12:00 - 12:59;1055,49;1,33;387,23;5,00;14,71;211,10
05/09/2026;24669 - 24669 ACQUA DISTRIBUIDORA DE PERFUMES E;13:00 - 13:59;531,50;0,67;204,90;4,00;11,76;132,87
08/09/2026;24669 - 24669 ACQUA DISTRIBUIDORA DE PERFUMES E;09:00 - 09:59;1194,53;1,50;390,00;4,00;19,05;298,63
08/09/2026;24669 - 24669 ACQUA DISTRIBUIDORA DE PERFUMES E;10:00 - 10:59;635,24;0,80;597,34;2,00;9,52;317,62
08/09/2026;24669 - 24669 ACQUA DISTRIBUIDORA DE PERFUMES E;11:00 - 11:59;612,70;0,77;420,00;3,00;14,29;204,23
08/09/2026;24669 - 24669 ACQUA DISTRIBUIDORA DE PERFUMES E;12:00 - 12:59;348,80;0,44;228,90;2,00;9,52;174,40
08/09/2026;24669 - 24669 ACQUA DISTRIBUIDORA DE PERFUMES E;13:00 - 13:59;235,60;0,30;235,60;1,00;4,76;235,60
08/09/2026;24669 - 24669 ACQUA DISTRIBUIDORA DE PERFUMES E;14:00 - 14:59;337,69;0,42;179,95;5,00;23,81;67,54
08/09/2026;24669 - 24669 ACQUA DISTRIBUIDORA DE PERFUMES E;15:00 - 15:59;119,52;0,15;119,52;1,00;4,76;119,52
08/09/2026;24669 - 24669 ACQUA DISTRIBUIDORA DE PERFUMES E;17:00 - 17:59;313,80;0,39;216,80;2,00;9,52;156,90
08/09/2026;24669 - 24669 ACQUA DISTRIBUIDORA DE PERFUMES E;18:00 - 18:59;128,55;0,16;128,55;1,00;4,76;128,55
09/09/2026;24669 - 24669 ACQUA DISTRIBUIDORA DE PERFUMES E;09:00 - 09:59;1059,84;1,33;594,00;5,00;16,67;211,97
09/09/2026;24669 - 24669 ACQUA DISTRIBUIDORA DE PERFUMES E;10:00 - 10:59;607,00;0,76;238,00;4,00;13,33;151,75
09/09/2026;24669 - 24669 ACQUA DISTRIBUIDORA DE PERFUMES E;12:00 - 12:59;61,92;0,08;61,92;1,00;3,33;61,92
09/09/2026;24669 - 24669 ACQUA DISTRIBUIDORA DE PERFUMES E;13:00 - 13:59;758,44;0,95;328,80;3,00;10,00;252,81
09/09/2026;24669 - 24669 ACQUA DISTRIBUIDORA DE PERFUMES E;14:00 - 14:59;587,74;0,74;218,21;4,00;13,33;146,93
09/09/2026;24669 - 24669 ACQUA DISTRIBUIDORA DE PERFUMES E;15:00 - 15:59;1316,71;1,66;441,00;4,00;13,33;329,18
09/09/2026;24669 - 24669 ACQUA DISTRIBUIDORA DE PERFUMES E;16:00 - 16:59;645,42;0,81;181,00;5,00;16,67;129,08
09/09/2026;24669 - 24669 ACQUA DISTRIBUIDORA DE PERFUMES E;17:00 - 17:59;390,72;0,49;230,00;3,00;10,00;130,24
09/09/2026;24669 - 24669 ACQUA DISTRIBUIDORA DE PERFUMES E;18:00 - 18:59;230,13;0,29;230,13;1,00;3,33;230,13
10/09/2026;24669 - 24669 ACQUA DISTRIBUIDORA DE PERFUMES E;09:00 - 09:59;324,83;0,41;164,90;2,00;7,69;162,41
10/09/2026;24669 - 24669 ACQUA DISTRIBUIDORA DE PERFUMES E;10:00 - 10:59;1119,17;1,41;288,69;7,00;26,92;159,88
10/09/2026;24669 - 24669 ACQUA DISTRIBUIDORA DE PERFUMES E;11:00 - 11:59;313,80;0,39;175,00;2,00;7,69;156,90
10/09/2026;24669 - 24669 ACQUA DISTRIBUIDORA DE PERFUMES E;12:00 - 12:59;487,19;0,61;281,70;3,00;11,54;162,40
10/09/2026;24669 - 24669 ACQUA DISTRIBUIDORA DE PERFUMES E;13:00 - 13:59;285,70;0,36;230,80;2,00;7,69;142,85
10/09/2026;24669 - 24669 ACQUA DISTRIBUIDORA DE PERFUMES E;14:00 - 14:59;100,00;0,13;100,00;1,00;3,85;100,00
10/09/2026;24669 - 24669 ACQUA DISTRIBUIDORA DE PERFUMES E;15:00 - 15:59;51,94;0,07;51,94;1,00;3,85;51,94
10/09/2026;24669 - 24669 ACQUA DISTRIBUIDORA DE PERFUMES E;16:00 - 16:59;862,82;1,09;373,00;4,00;15,38;215,70
10/09/2026;24669 - 24669 ACQUA DISTRIBUIDORA DE PERFUMES E;17:00 - 17:59;201,26;0,25;79,90;4,00;15,38;50,31
11/09/2026;24669 - 24669 ACQUA DISTRIBUIDORA DE PERFUMES E;08:00 - 08:59;428,00;0,54;300,00;2,00;7,41;214,00
11/09/2026;24669 - 24669 ACQUA DISTRIBUIDORA DE PERFUMES E;09:00 - 09:59;651,88;0,82;294,95;3,00;11,11;217,29
11/09/2026;24669 - 24669 ACQUA DISTRIBUIDORA DE PERFUMES E;10:00 - 10:59;781,50;0,98;386,70;4,00;14,81;195,37
11/09/2026;24669 - 24669 ACQUA DISTRIBUIDORA DE PERFUMES E;11:00 - 11:59;759,98;0,96;296,22;4,00;14,81;189,99
11/09/2026;24669 - 24669 ACQUA DISTRIBUIDORA DE PERFUMES E;12:00 - 12:59;99,49;0,13;99,47;2,00;7,41;49,74
11/09/2026;24669 - 24669 ACQUA DISTRIBUIDORA DE PERFUMES E;13:00 - 13:59;244,66;0,31;99,29;3,00;11,11;81,55
11/09/2026;24669 - 24669 ACQUA DISTRIBUIDORA DE PERFUMES E;14:00 - 14:59;666,64;0,84;566,00;3,00;11,11;222,21
11/09/2026;24669 - 24669 ACQUA DISTRIBUIDORA DE PERFUMES E;15:00 - 15:59;129,00;0,16;129,00;1,00;3,70;129,00
11/09/2026;24669 - 24669 ACQUA DISTRIBUIDORA DE PERFUMES E;16:00 - 16:59;95,50;0,12;69,90;2,00;7,41;47,75
11/09/2026;24669 - 24669 ACQUA DISTRIBUIDORA DE PERFUMES E;17:00 - 17:59;385,30;0,48;260,93;3,00;11,11;128,43
12/09/2026;24669 - 24669 ACQUA DISTRIBUIDORA DE PERFUMES E;08:00 - 08:59;144,72;0,18;144,72;1,00;4,76;144,72
12/09/2026;24669 - 24669 ACQUA DISTRIBUIDORA DE PERFUMES E;09:00 - 09:59;180,25;0,23;180,25;1,00;4,76;180,25
12/09/2026;24669 - 24669 ACQUA DISTRIBUIDORA DE PERFUMES E;10:00 - 10:59;2072,88;2,61;545,32;7,00;33,33;296,13
12/09/2026;24669 - 24669 ACQUA DISTRIBUIDORA DE PERFUMES E;11:00 - 11:59;553,71;0,70;217,94;3,00;14,29;184,57
12/09/2026;24669 - 24669 ACQUA DISTRIBUIDORA DE PERFUMES E;12:00 - 12:59;1773,07;2,23;887,47;7,00;33,33;253,30
12/09/2026;24669 - 24669 ACQUA DISTRIBUIDORA DE PERFUMES E;13:00 - 13:59;508,21;0,64;508,21;1,00;4,76;508,21
12/09/2026;24669 - 24669 ACQUA DISTRIBUIDORA DE PERFUMES E;14:00 - 14:59;595,36;0,75;595,36;1,00;4,76;595,36
14/09/2026;24669 - 24669 ACQUA DISTRIBUIDORA DE PERFUMES E;09:00 - 09:59;851,99;1,07;466,36;4,00;21,05;213,00
14/09/2026;24669 - 24669 ACQUA DISTRIBUIDORA DE PERFUMES E;10:00 - 10:59;1215,59;1,53;458,29;3,00;15,79;405,20
14/09/2026;24669 - 24669 ACQUA DISTRIBUIDORA DE PERFUMES E;11:00 - 11:59;669,63;0,84;341,63;2,00;10,53;334,81
14/09/2026;24669 - 24669 ACQUA DISTRIBUIDORA DE PERFUMES E;12:00 - 12:59;244,63;0,31;179,73;2,00;10,53;122,31
14/09/2026;24669 - 24669 ACQUA DISTRIBUIDORA DE PERFUMES E;13:00 - 13:59;0,02;0,00;0,02;1,00;5,26;0,02
14/09/2026;24669 - 24669 ACQUA DISTRIBUIDORA DE PERFUMES E;14:00 - 14:59;316,43;0,40;316,43;1,00;5,26;316,43
14/09/2026;24669 - 24669 ACQUA DISTRIBUIDORA DE PERFUMES E;15:00 - 15:59;550,72;0,69;275,82;3,00;15,79;183,57
14/09/2026;24669 - 24669 ACQUA DISTRIBUIDORA DE PERFUMES E;16:00 - 16:59;140,00;0,18;140,00;1,00;5,26;140,00
14/09/2026;24669 - 24669 ACQUA DISTRIBUIDORA DE PERFUMES E;17:00 - 17:59;773,94;0,97;602,31;2,00;10,53;386,97
15/09/2026;24669 - 24669 ACQUA DISTRIBUIDORA DE PERFUMES E;08:00 - 08:59;89,90;0,11;89,90;1,00;2,38;89,90
15/09/2026;24669 - 24669 ACQUA DISTRIBUIDORA DE PERFUMES E;09:00 - 09:59;314,87;0,40;195,05;2,00;4,76;157,43
15/09/2026;24669 - 24669 ACQUA DISTRIBUIDORA DE PERFUMES E;10:00 - 10:59;1302,57;1,64;458,58;4,00;9,52;325,64
15/09/2026;24669 - 24669 ACQUA DISTRIBUIDORA DE PERFUMES E;11:00 - 11:59;74,42;0,09;74,41;2,00;4,76;37,21
15/09/2026;24669 - 24669 ACQUA DISTRIBUIDORA DE PERFUMES E;12:00 - 12:59;1882,95;2,37;455,00;9,00;21,43;209,22
15/09/2026;24669 - 24669 ACQUA DISTRIBUIDORA DE PERFUMES E;13:00 - 13:59;532,21;0,67;360,03;3,00;7,14;177,40
15/09/2026;24669 - 24669 ACQUA DISTRIBUIDORA DE PERFUMES E;14:00 - 14:59;485,22;0,61;174,90;4,00;9,52;121,30
15/09/2026;24669 - 24669 ACQUA DISTRIBUIDORA DE PERFUMES E;15:00 - 15:59;1238,13;1,56;283,70;7,00;16,67;176,88
15/09/2026;24669 - 24669 ACQUA DISTRIBUIDORA DE PERFUMES E;16:00 - 16:59;1939,83;2,44;949,42;5,00;11,90;387,97
15/09/2026;24669 - 24669 ACQUA DISTRIBUIDORA DE PERFUMES E;17:00 - 17:59;823,88;1,04;438,70;3,00;7,14;274,63
15/09/2026;24669 - 24669 ACQUA DISTRIBUIDORA DE PERFUMES E;18:00 - 18:59;138,56;0,17;71,00;2,00;4,76;69,28
17/09/2026;24669 - 24669 ACQUA DISTRIBUIDORA DE PERFUMES E;08:00 - 08:59;399,20;0,50;238,83;2,00;7,41;199,60
17/09/2026;24669 - 24669 ACQUA DISTRIBUIDORA DE PERFUMES E;09:00 - 09:59;288,29;0,36;288,29;1,00;3,70;288,29
17/09/2026;24669 - 24669 ACQUA DISTRIBUIDORA DE PERFUMES E;10:00 - 10:59;681,04;0,86;333,00;3,00;11,11;227,01
17/09/2026;24669 - 24669 ACQUA DISTRIBUIDORA DE PERFUMES E;11:00 - 11:59;446,00;0,56;300,00;2,00;7,41;223,00
17/09/2026;24669 - 24669 ACQUA DISTRIBUIDORA DE PERFUMES E;13:00 - 13:59;884,51;1,11;257,08;5,00;18,52;176,90
17/09/2026;24669 - 24669 ACQUA DISTRIBUIDORA DE PERFUMES E;14:00 - 14:59;263,85;0,33;180,64;2,00;7,41;131,92
17/09/2026;24669 - 24669 ACQUA DISTRIBUIDORA DE PERFUMES E;15:00 - 15:59;855,03;1,08;395,27;4,00;14,81;213,76
17/09/2026;24669 - 24669 ACQUA DISTRIBUIDORA DE PERFUMES E;16:00 - 16:59;196,80;0,25;143,90;2,00;7,41;98,40
17/09/2026;24669 - 24669 ACQUA DISTRIBUIDORA DE PERFUMES E;17:00 - 17:59;586,06;0,74;305,63;4,00;14,81;146,51
17/09/2026;24669 - 24669 ACQUA DISTRIBUIDORA DE PERFUMES E;18:00 - 18:59;88,79;0,11;88,77;2,00;7,41;44,39
18/09/2026;24669 - 24669 ACQUA DISTRIBUIDORA DE PERFUMES E;08:00 - 08:59;69,95;0,09;69,95;1,00;3,85;69,95
18/09/2026;24669 - 24669 ACQUA DISTRIBUIDORA DE PERFUMES E;09:00 - 09:59;214,00;0,27;214,00;1,00;3,85;214,00
18/09/2026;24669 - 24669 ACQUA DISTRIBUIDORA DE PERFUMES E;10:00 - 10:59;176,23;0,22;104,88;2,00;7,69;88,11
18/09/2026;24669 - 24669 ACQUA DISTRIBUIDORA DE PERFUMES E;11:00 - 11:59;583,12;0,73;251,77;3,00;11,54;194,37
18/09/2026;24669 - 24669 ACQUA DISTRIBUIDORA DE PERFUMES E;13:00 - 13:59;791,73;1,00;315,90;4,00;15,38;197,93
18/09/2026;24669 - 24669 ACQUA DISTRIBUIDORA DE PERFUMES E;14:00 - 14:59;328,90;0,41;290,00;2,00;7,69;164,45
18/09/2026;24669 - 24669 ACQUA DISTRIBUIDORA DE PERFUMES E;15:00 - 15:59;211,90;0,27;186,00;2,00;7,69;105,95
18/09/2026;24669 - 24669 ACQUA DISTRIBUIDORA DE PERFUMES E;16:00 - 16:59;752,16;0,95;384,80;3,00;11,54;250,72
18/09/2026;24669 - 24669 ACQUA DISTRIBUIDORA DE PERFUMES E;17:00 - 17:59;1201,75;1,51;414,74;8,00;30,77;150,22
19/09/2026;24669 - 24669 ACQUA DISTRIBUIDORA DE PERFUMES E;09:00 - 09:59;1414,67;1,78;586,72;4,00;16,67;353,67
19/09/2026;24669 - 24669 ACQUA DISTRIBUIDORA DE PERFUMES E;10:00 - 10:59;942,93;1,19;333,55;5,00;20,83;188,59
19/09/2026;24669 - 24669 ACQUA DISTRIBUIDORA DE PERFUMES E;11:00 - 11:59;858,76;1,08;345,00;4,00;16,67;214,69
19/09/2026;24669 - 24669 ACQUA DISTRIBUIDORA DE PERFUMES E;12:00 - 12:59;1307,59;1,64;361,35;6,00;25,00;217,93
19/09/2026;24669 - 24669 ACQUA DISTRIBUIDORA DE PERFUMES E;13:00 - 13:59;1398,95;1,76;1000,00;4,00;16,67;349,74
19/09/2026;24669 - 24669 ACQUA DISTRIBUIDORA DE PERFUMES E;14:00 - 14:59;250,74;0,32;250,74;1,00;4,17;250,74
31/08/2026;24670 - ACQUA DISTRIBUIDORA DE PERFUMES E COSMETICOS LTDA;08:00 - 08:59;170,80;0,18;170,80;1,00;4,00;170,80
31/08/2026;24670 - ACQUA DISTRIBUIDORA DE PERFUMES E COSMETICOS LTDA;09:00 - 09:59;886,24;0,93;495,17;3,00;12,00;295,41
31/08/2026;24670 - ACQUA DISTRIBUIDORA DE PERFUMES E COSMETICOS LTDA;10:00 - 10:59;552,56;0,58;303,55;3,00;12,00;184,19
31/08/2026;24670 - ACQUA DISTRIBUIDORA DE PERFUMES E COSMETICOS LTDA;11:00 - 11:59;175,41;0,18;175,40;2,00;8,00;87,70
31/08/2026;24670 - ACQUA DISTRIBUIDORA DE PERFUMES E COSMETICOS LTDA;12:00 - 12:59;370,71;0,39;175,40;5,00;20,00;74,14
31/08/2026;24670 - ACQUA DISTRIBUIDORA DE PERFUMES E COSMETICOS LTDA;14:00 - 14:59;189,90;0,20;99,90;2,00;8,00;94,95
31/08/2026;24670 - ACQUA DISTRIBUIDORA DE PERFUMES E COSMETICOS LTDA;15:00 - 15:59;551,73;0,58;393,33;2,00;8,00;275,86
31/08/2026;24670 - ACQUA DISTRIBUIDORA DE PERFUMES E COSMETICOS LTDA;16:00 - 16:59;660,01;0,69;590,00;3,00;12,00;220,00
31/08/2026;24670 - ACQUA DISTRIBUIDORA DE PERFUMES E COSMETICOS LTDA;17:00 - 17:59;1164,78;1,23;648,16;4,00;16,00;291,19
01/09/2026;24670 - ACQUA DISTRIBUIDORA DE PERFUMES E COSMETICOS LTDA;08:00 - 08:59;318,02;0,33;225,97;2,00;7,69;159,01
01/09/2026;24670 - ACQUA DISTRIBUIDORA DE PERFUMES E COSMETICOS LTDA;09:00 - 09:59;601,31;0,63;380,00;3,00;11,54;200,44
01/09/2026;24670 - ACQUA DISTRIBUIDORA DE PERFUMES E COSMETICOS LTDA;10:00 - 10:59;98,90;0,10;98,90;1,00;3,85;98,90
01/09/2026;24670 - ACQUA DISTRIBUIDORA DE PERFUMES E COSMETICOS LTDA;12:00 - 12:59;941,89;0,99;323,73;4,00;15,38;235,47
01/09/2026;24670 - ACQUA DISTRIBUIDORA DE PERFUMES E COSMETICOS LTDA;13:00 - 13:59;774,43;0,81;377,65;4,00;15,38;193,61
01/09/2026;24670 - ACQUA DISTRIBUIDORA DE PERFUMES E COSMETICOS LTDA;14:00 - 14:59;881,15;0,93;305,00;4,00;15,38;220,29
01/09/2026;24670 - ACQUA DISTRIBUIDORA DE PERFUMES E COSMETICOS LTDA;15:00 - 15:59;1099,60;1,16;851,77;3,00;11,54;366,53
01/09/2026;24670 - ACQUA DISTRIBUIDORA DE PERFUMES E COSMETICOS LTDA;16:00 - 16:59;1075,92;1,13;510,12;3,00;11,54;358,64
01/09/2026;24670 - ACQUA DISTRIBUIDORA DE PERFUMES E COSMETICOS LTDA;17:00 - 17:59;325,16;0,34;175,30;2,00;7,69;162,58
02/09/2026;24670 - ACQUA DISTRIBUIDORA DE PERFUMES E COSMETICOS LTDA;08:00 - 08:59;528,50;0,56;318,70;3,00;13,04;176,17
02/09/2026;24670 - ACQUA DISTRIBUIDORA DE PERFUMES E COSMETICOS LTDA;09:00 - 09:59;385,71;0,41;300,81;2,00;8,70;192,85
02/09/2026;24670 - ACQUA DISTRIBUIDORA DE PERFUMES E COSMETICOS LTDA;10:00 - 10:59;230,00;0,24;230,00;1,00;4,35;230,00
02/09/2026;24670 - ACQUA DISTRIBUIDORA DE PERFUMES E COSMETICOS LTDA;11:00 - 11:59;429,00;0,45;365,00;2,00;8,70;214,50
02/09/2026;24670 - ACQUA DISTRIBUIDORA DE PERFUMES E COSMETICOS LTDA;12:00 - 12:59;237,30;0,25;180,00;2,00;8,70;118,65
02/09/2026;24670 - ACQUA DISTRIBUIDORA DE PERFUMES E COSMETICOS LTDA;13:00 - 13:59;272,35;0,29;253,45;2,00;8,70;136,17
02/09/2026;24670 - ACQUA DISTRIBUIDORA DE PERFUMES E COSMETICOS LTDA;14:00 - 14:59;529,13;0,56;375,43;4,00;17,39;132,28
02/09/2026;24670 - ACQUA DISTRIBUIDORA DE PERFUMES E COSMETICOS LTDA;15:00 - 15:59;223,99;0,24;223,99;1,00;4,35;223,99
02/09/2026;24670 - ACQUA DISTRIBUIDORA DE PERFUMES E COSMETICOS LTDA;16:00 - 16:59;1002,20;1,05;1002,20;1,00;4,35;1002,20
02/09/2026;24670 - ACQUA DISTRIBUIDORA DE PERFUMES E COSMETICOS LTDA;17:00 - 17:59;1091,94;1,15;606,14;5,00;21,74;218,39
03/09/2026;24670 - ACQUA DISTRIBUIDORA DE PERFUMES E COSMETICOS LTDA;08:00 - 08:59;446,21;0,47;178,59;3,00;15,00;148,74
03/09/2026;24670 - ACQUA DISTRIBUIDORA DE PERFUMES E COSMETICOS LTDA;09:00 - 09:59;1087,10;1,14;408,48;3,00;15,00;362,37
03/09/2026;24670 - ACQUA DISTRIBUIDORA DE PERFUMES E COSMETICOS LTDA;10:00 - 10:59;704,80;0,74;330,00;4,00;20,00;176,20
03/09/2026;24670 - ACQUA DISTRIBUIDORA DE PERFUMES E COSMETICOS LTDA;11:00 - 11:59;269,91;0,28;269,91;1,00;5,00;269,91
03/09/2026;24670 - ACQUA DISTRIBUIDORA DE PERFUMES E COSMETICOS LTDA;13:00 - 13:59;237,19;0,25;128,19;2,00;10,00;118,59
03/09/2026;24670 - ACQUA DISTRIBUIDORA DE PERFUMES E COSMETICOS LTDA;15:00 - 15:59;613,52;0,65;335,00;3,00;15,00;204,51
03/09/2026;24670 - ACQUA DISTRIBUIDORA DE PERFUMES E COSMETICOS LTDA;16:00 - 16:59;120,00;0,13;120,00;1,00;5,00;120,00
03/09/2026;24670 - ACQUA DISTRIBUIDORA DE PERFUMES E COSMETICOS LTDA;17:00 - 17:59;753,59;0,79;392,44;3,00;15,00;251,20
04/09/2026;24670 - ACQUA DISTRIBUIDORA DE PERFUMES E COSMETICOS LTDA;08:00 - 08:59;98,90;0,10;98,90;1,00;3,12;98,90
04/09/2026;24670 - ACQUA DISTRIBUIDORA DE PERFUMES E COSMETICOS LTDA;09:00 - 09:59;239,90;0,25;139,90;2,00;6,25;119,95
04/09/2026;24670 - ACQUA DISTRIBUIDORA DE PERFUMES E COSMETICOS LTDA;10:00 - 10:59;140,00;0,15;140,00;1,00;3,12;140,00
04/09/2026;24670 - ACQUA DISTRIBUIDORA DE PERFUMES E COSMETICOS LTDA;11:00 - 11:59;2660,45;2,80;1847,70;3,00;9,37;886,82
04/09/2026;24670 - ACQUA DISTRIBUIDORA DE PERFUMES E COSMETICOS LTDA;12:00 - 12:59;1422,07;1,50;837,17;4,00;12,50;355,52
04/09/2026;24670 - ACQUA DISTRIBUIDORA DE PERFUMES E COSMETICOS LTDA;13:00 - 13:59;531,54;0,56;257,00;3,00;9,37;177,18
04/09/2026;24670 - ACQUA DISTRIBUIDORA DE PERFUMES E COSMETICOS LTDA;14:00 - 14:59;715,70;0,75;646,00;2,00;6,25;357,85
04/09/2026;24670 - ACQUA DISTRIBUIDORA DE PERFUMES E COSMETICOS LTDA;15:00 - 15:59;322,10;0,34;182,20;2,00;6,25;161,05
04/09/2026;24670 - ACQUA DISTRIBUIDORA DE PERFUMES E COSMETICOS LTDA;16:00 - 16:59;1050,51;1,11;300,00;8,00;25,00;131,31
04/09/2026;24670 - ACQUA DISTRIBUIDORA DE PERFUMES E COSMETICOS LTDA;17:00 - 17:59;806,10;0,85;240,00;5,00;15,62;161,22
04/09/2026;24670 - ACQUA DISTRIBUIDORA DE PERFUMES E COSMETICOS LTDA;18:00 - 18:59;92,00;0,10;92,00;1,00;3,12;92,00
05/09/2026;24670 - ACQUA DISTRIBUIDORA DE PERFUMES E COSMETICOS LTDA;08:00 - 08:59;841,78;0,89;338,34;3,00;14,29;280,59
05/09/2026;24670 - ACQUA DISTRIBUIDORA DE PERFUMES E COSMETICOS LTDA;09:00 - 09:59;963,09;1,01;515,90;5,00;23,81;192,62
05/09/2026;24670 - ACQUA DISTRIBUIDORA DE PERFUMES E COSMETICOS LTDA;10:00 - 10:59;315,18;0,33;231,48;2,00;9,52;157,59
05/09/2026;24670 - ACQUA DISTRIBUIDORA DE PERFUMES E COSMETICOS LTDA;11:00 - 11:59;1595,01;1,68;418,71;9,00;42,86;177,22
05/09/2026;24670 - ACQUA DISTRIBUIDORA DE PERFUMES E COSMETICOS LTDA;12:00 - 12:59;505,03;0,53;336,03;2,00;9,52;252,51
08/09/2026;24670 - ACQUA DISTRIBUIDORA DE PERFUMES E COSMETICOS LTDA;10:00 - 10:59;1383,50;1,46;886,50;4,00;18,18;345,87
08/09/2026;24670 - ACQUA DISTRIBUIDORA DE PERFUMES E COSMETICOS LTDA;11:00 - 11:59;174,90;0,18;174,90;1,00;4,55;174,90
08/09/2026;24670 - ACQUA DISTRIBUIDORA DE PERFUMES E COSMETICOS LTDA;12:00 - 12:59;568,82;0,60;528,00;3,00;13,64;189,61
08/09/2026;24670 - ACQUA DISTRIBUIDORA DE PERFUMES E COSMETICOS LTDA;14:00 - 14:59;932,47;0,98;600,63;4,00;18,18;233,12
08/09/2026;24670 - ACQUA DISTRIBUIDORA DE PERFUMES E COSMETICOS LTDA;15:00 - 15:59;549,00;0,58;389,00;2,00;9,09;274,50
08/09/2026;24670 - ACQUA DISTRIBUIDORA DE PERFUMES E COSMETICOS LTDA;16:00 - 16:59;530,02;0,56;210,00;3,00;13,64;176,67
08/09/2026;24670 - ACQUA DISTRIBUIDORA DE PERFUMES E COSMETICOS LTDA;17:00 - 17:59;753,82;0,79;233,00;5,00;22,73;150,76
09/09/2026;24670 - ACQUA DISTRIBUIDORA DE PERFUMES E COSMETICOS LTDA;09:00 - 09:59;90,14;0,09;90,12;2,00;7,41;45,07
09/09/2026;24670 - ACQUA DISTRIBUIDORA DE PERFUMES E COSMETICOS LTDA;10:00 - 10:59;587,98;0,62;204,58;4,00;14,81;146,99
09/09/2026;24670 - ACQUA DISTRIBUIDORA DE PERFUMES E COSMETICOS LTDA;11:00 - 11:59;535,82;0,56;373,02;3,00;11,11;178,61
09/09/2026;24670 - ACQUA DISTRIBUIDORA DE PERFUMES E COSMETICOS LTDA;12:00 - 12:59;174,90;0,18;174,90;1,00;3,70;174,90
09/09/2026;24670 - ACQUA DISTRIBUIDORA DE PERFUMES E COSMETICOS LTDA;13:00 - 13:59;141,00;0,15;80,00;2,00;7,41;70,50
09/09/2026;24670 - ACQUA DISTRIBUIDORA DE PERFUMES E COSMETICOS LTDA;14:00 - 14:59;144,13;0,15;144,13;1,00;3,70;144,13
09/09/2026;24670 - ACQUA DISTRIBUIDORA DE PERFUMES E COSMETICOS LTDA;15:00 - 15:59;672,35;0,71;331,55;4,00;14,81;168,09
09/09/2026;24670 - ACQUA DISTRIBUIDORA DE PERFUMES E COSMETICOS LTDA;16:00 - 16:59;175,54;0,18;70,00;3,00;11,11;58,51
09/09/2026;24670 - ACQUA DISTRIBUIDORA DE PERFUMES E COSMETICOS LTDA;17:00 - 17:59;2006,80;2,11;552,41;7,00;25,93;286,69
10/09/2026;24670 - ACQUA DISTRIBUIDORA DE PERFUMES E COSMETICOS LTDA;08:00 - 08:59;174,90;0,18;174,90;1,00;5,26;174,90
10/09/2026;24670 - ACQUA DISTRIBUIDORA DE PERFUMES E COSMETICOS LTDA;09:00 - 09:59;422,51;0,44;213,42;2,00;10,53;211,25
10/09/2026;24670 - ACQUA DISTRIBUIDORA DE PERFUMES E COSMETICOS LTDA;10:00 - 10:59;0,02;0,00;0,02;1,00;5,26;0,02
10/09/2026;24670 - ACQUA DISTRIBUIDORA DE PERFUMES E COSMETICOS LTDA;11:00 - 11:59;1087,17;1,14;306,80;5,00;26,32;217,43
10/09/2026;24670 - ACQUA DISTRIBUIDORA DE PERFUMES E COSMETICOS LTDA;12:00 - 12:59;1486,50;1,56;590,00;3,00;15,79;495,50
10/09/2026;24670 - ACQUA DISTRIBUIDORA DE PERFUMES E COSMETICOS LTDA;13:00 - 13:59;390,83;0,41;280,00;2,00;10,53;195,41
10/09/2026;24670 - ACQUA DISTRIBUIDORA DE PERFUMES E COSMETICOS LTDA;15:00 - 15:59;0,02;0,00;0,02;1,00;5,26;0,02
10/09/2026;24670 - ACQUA DISTRIBUIDORA DE PERFUMES E COSMETICOS LTDA;16:00 - 16:59;745,18;0,78;377,04;3,00;15,79;248,39
10/09/2026;24670 - ACQUA DISTRIBUIDORA DE PERFUMES E COSMETICOS LTDA;17:00 - 17:59;224,70;0,24;224,70;1,00;5,26;224,70
11/09/2026;24670 - ACQUA DISTRIBUIDORA DE PERFUMES E COSMETICOS LTDA;08:00 - 08:59;69,90;0,07;69,90;1,00;3,57;69,90
11/09/2026;24670 - ACQUA DISTRIBUIDORA DE PERFUMES E COSMETICOS LTDA;09:00 - 09:59;437,90;0,46;167,00;3,00;10,71;145,97
11/09/2026;24670 - ACQUA DISTRIBUIDORA DE PERFUMES E COSMETICOS LTDA;10:00 - 10:59;518,90;0,55;411,00;2,00;7,14;259,45
11/09/2026;24670 - ACQUA DISTRIBUIDORA DE PERFUMES E COSMETICOS LTDA;11:00 - 11:59;784,68;0,83;311,25;4,00;14,29;196,17
11/09/2026;24670 - ACQUA DISTRIBUIDORA DE PERFUMES E COSMETICOS LTDA;12:00 - 12:59;470,76;0,50;320,00;2,00;7,14;235,38
11/09/2026;24670 - ACQUA DISTRIBUIDORA DE PERFUMES E COSMETICOS LTDA;13:00 - 13:59;1253,71;1,32;582,31;4,00;14,29;313,43
11/09/2026;24670 - ACQUA DISTRIBUIDORA DE PERFUMES E COSMETICOS LTDA;14:00 - 14:59;232,00;0,24;232,00;1,00;3,57;232,00
11/09/2026;24670 - ACQUA DISTRIBUIDORA DE PERFUMES E COSMETICOS LTDA;15:00 - 15:59;409,32;0,43;206,80;2,00;7,14;204,66
11/09/2026;24670 - ACQUA DISTRIBUIDORA DE PERFUMES E COSMETICOS LTDA;16:00 - 16:59;827,86;0,87;303,97;5,00;17,86;165,57
11/09/2026;24670 - ACQUA DISTRIBUIDORA DE PERFUMES E COSMETICOS LTDA;17:00 - 17:59;1626,70;1,71;1212,76;4,00;14,29;406,67
12/09/2026;24670 - ACQUA DISTRIBUIDORA DE PERFUMES E COSMETICOS LTDA;09:00 - 09:59;1985,46;2,09;1281,66;5,00;25,00;397,09
12/09/2026;24670 - ACQUA DISTRIBUIDORA DE PERFUMES E COSMETICOS LTDA;10:00 - 10:59;1706,17;1,80;618,04;7,00;35,00;243,74
12/09/2026;24670 - ACQUA DISTRIBUIDORA DE PERFUMES E COSMETICOS LTDA;11:00 - 11:59;838,70;0,88;210,00;7,00;35,00;119,81
12/09/2026;24670 - ACQUA DISTRIBUIDORA DE PERFUMES E COSMETICOS LTDA;12:00 - 12:59;217,20;0,23;217,20;1,00;5,00;217,20
14/09/2026;24670 - ACQUA DISTRIBUIDORA DE PERFUMES E COSMETICOS LTDA;09:00 - 09:59;402,44;0,42;263,44;2,00;9,09;201,22
14/09/2026;24670 - ACQUA DISTRIBUIDORA DE PERFUMES E COSMETICOS LTDA;10:00 - 10:59;1573,11;1,66;760,16;4,00;18,18;393,28
14/09/2026;24670 - ACQUA DISTRIBUIDORA DE PERFUMES E COSMETICOS LTDA;11:00 - 11:59;545,00;0,57;450,00;2,00;9,09;272,50
14/09/2026;24670 - ACQUA DISTRIBUIDORA DE PERFUMES E COSMETICOS LTDA;12:00 - 12:59;0,02;0,00;0,02;1,00;4,55;0,02
14/09/2026;24670 - ACQUA DISTRIBUIDORA DE PERFUMES E COSMETICOS LTDA;13:00 - 13:59;1313,52;1,38;611,00;4,00;18,18;328,38
14/09/2026;24670 - ACQUA DISTRIBUIDORA DE PERFUMES E COSMETICOS LTDA;15:00 - 15:59;603,56;0,64;458,76;2,00;9,09;301,78
14/09/2026;24670 - ACQUA DISTRIBUIDORA DE PERFUMES E COSMETICOS LTDA;16:00 - 16:59;372,02;0,39;192,00;3,00;13,64;124,01
14/09/2026;24670 - ACQUA DISTRIBUIDORA DE PERFUMES E COSMETICOS LTDA;17:00 - 17:59;615,38;0,65;280,00;3,00;13,64;205,13
14/09/2026;24670 - ACQUA DISTRIBUIDORA DE PERFUMES E COSMETICOS LTDA;18:00 - 18:59;234,00;0,25;234,00;1,00;4,55;234,00
15/09/2026;24670 - ACQUA DISTRIBUIDORA DE PERFUMES E COSMETICOS LTDA;08:00 - 08:59;404,73;0,43;251,93;3,00;5,56;134,91
15/09/2026;24670 - ACQUA DISTRIBUIDORA DE PERFUMES E COSMETICOS LTDA;09:00 - 09:59;840,00;0,88;540,00;2,00;3,70;420,00
15/09/2026;24670 - ACQUA DISTRIBUIDORA DE PERFUMES E COSMETICOS LTDA;10:00 - 10:59;1273,60;1,34;601,94;5,00;9,26;254,72
15/09/2026;24670 - ACQUA DISTRIBUIDORA DE PERFUMES E COSMETICOS LTDA;11:00 - 11:59;520,31;0,55;391,00;2,00;3,70;260,15
15/09/2026;24670 - ACQUA DISTRIBUIDORA DE PERFUMES E COSMETICOS LTDA;12:00 - 12:59;1348,67;1,42;893,04;3,00;5,56;449,56
15/09/2026;24670 - ACQUA DISTRIBUIDORA DE PERFUMES E COSMETICOS LTDA;13:00 - 13:59;626,71;0,66;626,71;1,00;1,85;626,71
15/09/2026;24670 - ACQUA DISTRIBUIDORA DE PERFUMES E COSMETICOS LTDA;14:00 - 14:59;913,19;0,96;368,14;5,00;9,26;182,64
15/09/2026;24670 - ACQUA DISTRIBUIDORA DE PERFUMES E COSMETICOS LTDA;15:00 - 15:59;2812,88;2,96;791,74;9,00;16,67;312,54
15/09/2026;24670 - ACQUA DISTRIBUIDORA DE PERFUMES E COSMETICOS LTDA;16:00 - 16:59;2009,65;2,11;919,67;6,00;11,11;334,94
15/09/2026;24670 - ACQUA DISTRIBUIDORA DE PERFUMES E COSMETICOS LTDA;17:00 - 17:59;2945,24;3,10;537,32;14,00;25,93;210,37
15/09/2026;24670 - ACQUA DISTRIBUIDORA DE PERFUMES E COSMETICOS LTDA;18:00 - 18:59;1073,08;1,13;669,20;4,00;7,41;268,27
17/09/2026;24670 - ACQUA DISTRIBUIDORA DE PERFUMES E COSMETICOS LTDA;08:00 - 08:59;217,36;0,23;217,36;1,00;3,45;217,36
17/09/2026;24670 - ACQUA DISTRIBUIDORA DE PERFUMES E COSMETICOS LTDA;10:00 - 10:59;210,00;0,22;210,00;1,00;3,45;210,00
17/09/2026;24670 - ACQUA DISTRIBUIDORA DE PERFUMES E COSMETICOS LTDA;11:00 - 11:59;1051,87;1,11;289,00;5,00;17,24;210,37
17/09/2026;24670 - ACQUA DISTRIBUIDORA DE PERFUMES E COSMETICOS LTDA;12:00 - 12:59;44,95;0,05;44,95;1,00;3,45;44,95
17/09/2026;24670 - ACQUA DISTRIBUIDORA DE PERFUMES E COSMETICOS LTDA;13:00 - 13:59;112,12;0,12;112,12;1,00;3,45;112,12
17/09/2026;24670 - ACQUA DISTRIBUIDORA DE PERFUMES E COSMETICOS LTDA;14:00 - 14:59;617,84;0,65;225,60;4,00;13,79;154,46
17/09/2026;24670 - ACQUA DISTRIBUIDORA DE PERFUMES E COSMETICOS LTDA;15:00 - 15:59;1009,17;1,06;393,76;6,00;20,69;168,19
17/09/2026;24670 - ACQUA DISTRIBUIDORA DE PERFUMES E COSMETICOS LTDA;16:00 - 16:59;506,48;0,53;380,55;2,00;6,90;253,24
17/09/2026;24670 - ACQUA DISTRIBUIDORA DE PERFUMES E COSMETICOS LTDA;17:00 - 17:59;765,60;0,81;173,80;7,00;24,14;109,37
17/09/2026;24670 - ACQUA DISTRIBUIDORA DE PERFUMES E COSMETICOS LTDA;18:00 - 18:59;107,90;0,11;107,90;1,00;3,45;107,90
18/09/2026;24670 - ACQUA DISTRIBUIDORA DE PERFUMES E COSMETICOS LTDA;08:00 - 08:59;399,85;0,42;230,00;2,00;8,33;199,92
18/09/2026;24670 - ACQUA DISTRIBUIDORA DE PERFUMES E COSMETICOS LTDA;09:00 - 09:59;491,00;0,52;380,00;2,00;8,33;245,50
18/09/2026;24670 - ACQUA DISTRIBUIDORA DE PERFUMES E COSMETICOS LTDA;10:00 - 10:59;818,44;0,86;333,66;4,00;16,67;204,61
18/09/2026;24670 - ACQUA DISTRIBUIDORA DE PERFUMES E COSMETICOS LTDA;11:00 - 11:59;611,30;0,64;381,40;2,00;8,33;305,65
18/09/2026;24670 - ACQUA DISTRIBUIDORA DE PERFUMES E COSMETICOS LTDA;13:00 - 13:59;417,95;0,44;245,00;3,00;12,50;139,32
18/09/2026;24670 - ACQUA DISTRIBUIDORA DE PERFUMES E COSMETICOS LTDA;14:00 - 14:59;224,15;0,24;174,19;2,00;8,33;112,07
18/09/2026;24670 - ACQUA DISTRIBUIDORA DE PERFUMES E COSMETICOS LTDA;15:00 - 15:59;710,00;0,75;640,00;2,00;8,33;355,00
18/09/2026;24670 - ACQUA DISTRIBUIDORA DE PERFUMES E COSMETICOS LTDA;16:00 - 16:59;1610,60;1,69;1095,35;3,00;12,50;536,87
18/09/2026;24670 - ACQUA DISTRIBUIDORA DE PERFUMES E COSMETICOS LTDA;17:00 - 17:59;631,89;0,66;400,00;4,00;16,67;157,97
19/09/2026;24670 - ACQUA DISTRIBUIDORA DE PERFUMES E COSMETICOS LTDA;08:00 - 08:59;875,75;0,92;442,25;4,00;14,81;218,94
19/09/2026;24670 - ACQUA DISTRIBUIDORA DE PERFUMES E COSMETICOS LTDA;09:00 - 09:59;681,47;0,72;234,75;5,00;18,52;136,29
19/09/2026;24670 - ACQUA DISTRIBUIDORA DE PERFUMES E COSMETICOS LTDA;10:00 - 10:59;2328,94;2,45;878,79;5,00;18,52;465,79
19/09/2026;24670 - ACQUA DISTRIBUIDORA DE PERFUMES E COSMETICOS LTDA;11:00 - 11:59;1880,38;1,98;550,00;9,00;33,33;208,93
19/09/2026;24670 - ACQUA DISTRIBUIDORA DE PERFUMES E COSMETICOS LTDA;12:00 - 12:59;637,50;0,67;317,85;4,00;14,81;159,37
31/08/2026;24671 - 24671 ACQUA DISTRIBUIDORA DE PERFUMES E;08:00 - 08:59;370,66;0,51;220,80;2,00;13,33;185,33
31/08/2026;24671 - 24671 ACQUA DISTRIBUIDORA DE PERFUMES E;09:00 - 09:59;48,18;0,07;48,18;1,00;6,67;48,18
31/08/2026;24671 - 24671 ACQUA DISTRIBUIDORA DE PERFUMES E;10:00 - 10:59;294,81;0,41;174,91;2,00;13,33;147,40
31/08/2026;24671 - 24671 ACQUA DISTRIBUIDORA DE PERFUMES E;11:00 - 11:59;0,01;0,00;0,01;1,00;6,67;0,01
31/08/2026;24671 - 24671 ACQUA DISTRIBUIDORA DE PERFUMES E;13:00 - 13:59;133,80;0,18;133,80;1,00;6,67;133,80
31/08/2026;24671 - 24671 ACQUA DISTRIBUIDORA DE PERFUMES E;14:00 - 14:59;537,31;0,74;379,90;2,00;13,33;268,65
31/08/2026;24671 - 24671 ACQUA DISTRIBUIDORA DE PERFUMES E;15:00 - 15:59;253,15;0,35;253,15;1,00;6,67;253,15
31/08/2026;24671 - 24671 ACQUA DISTRIBUIDORA DE PERFUMES E;16:00 - 16:59;575,55;0,79;194,90;4,00;26,67;143,89
31/08/2026;24671 - 24671 ACQUA DISTRIBUIDORA DE PERFUMES E;17:00 - 17:59;0,01;0,00;0,01;1,00;6,67;0,01
01/09/2026;24671 - 24671 ACQUA DISTRIBUIDORA DE PERFUMES E;08:00 - 08:59;279,91;0,39;279,91;1,00;5,00;279,91
01/09/2026;24671 - 24671 ACQUA DISTRIBUIDORA DE PERFUMES E;09:00 - 09:59;339,46;0,47;150,90;3,00;15,00;113,15
01/09/2026;24671 - 24671 ACQUA DISTRIBUIDORA DE PERFUMES E;10:00 - 10:59;519,71;0,72;259,90;3,00;15,00;173,24
01/09/2026;24671 - 24671 ACQUA DISTRIBUIDORA DE PERFUMES E;12:00 - 12:59;129,90;0,18;129,90;1,00;5,00;129,90
01/09/2026;24671 - 24671 ACQUA DISTRIBUIDORA DE PERFUMES E;14:00 - 14:59;379,80;0,52;379,80;1,00;5,00;379,80
01/09/2026;24671 - 24671 ACQUA DISTRIBUIDORA DE PERFUMES E;15:00 - 15:59;487,84;0,67;209,90;3,00;15,00;162,61
01/09/2026;24671 - 24671 ACQUA DISTRIBUIDORA DE PERFUMES E;16:00 - 16:59;478,90;0,66;209,90;3,00;15,00;159,63
01/09/2026;24671 - 24671 ACQUA DISTRIBUIDORA DE PERFUMES E;17:00 - 17:59;1362,93;1,88;411,11;5,00;25,00;272,59
02/09/2026;24671 - 24671 ACQUA DISTRIBUIDORA DE PERFUMES E;08:00 - 08:59;296,60;0,41;148,66;3,00;9,68;98,87
02/09/2026;24671 - 24671 ACQUA DISTRIBUIDORA DE PERFUMES E;09:00 - 09:59;286,68;0,40;198,88;2,00;6,45;143,34
02/09/2026;24671 - 24671 ACQUA DISTRIBUIDORA DE PERFUMES E;10:00 - 10:59;660,30;0,91;192,70;4,00;12,90;165,07
02/09/2026;24671 - 24671 ACQUA DISTRIBUIDORA DE PERFUMES E;11:00 - 11:59;343,61;0,47;240,81;3,00;9,68;114,54
02/09/2026;24671 - 24671 ACQUA DISTRIBUIDORA DE PERFUMES E;12:00 - 12:59;827,30;1,14;652,40;2,00;6,45;413,65
02/09/2026;24671 - 24671 ACQUA DISTRIBUIDORA DE PERFUMES E;13:00 - 13:59;92,64;0,13;92,64;1,00;3,23;92,64
02/09/2026;24671 - 24671 ACQUA DISTRIBUIDORA DE PERFUMES E;14:00 - 14:59;456,69;0,63;288,75;2,00;6,45;228,34
02/09/2026;24671 - 24671 ACQUA DISTRIBUIDORA DE PERFUMES E;15:00 - 15:59;219,80;0,30;219,80;1,00;3,23;219,80
02/09/2026;24671 - 24671 ACQUA DISTRIBUIDORA DE PERFUMES E;16:00 - 16:59;1505,52;2,08;448,69;6,00;19,35;250,92
02/09/2026;24671 - 24671 ACQUA DISTRIBUIDORA DE PERFUMES E;17:00 - 17:59;2090,90;2,89;438,14;7,00;22,58;298,70
03/09/2026;24671 - 24671 ACQUA DISTRIBUIDORA DE PERFUMES E;09:00 - 09:59;586,92;0,81;324,80;3,00;18,75;195,64
03/09/2026;24671 - 24671 ACQUA DISTRIBUIDORA DE PERFUMES E;11:00 - 11:59;660,50;0,91;398,70;2,00;12,50;330,25
03/09/2026;24671 - 24671 ACQUA DISTRIBUIDORA DE PERFUMES E;12:00 - 12:59;171,57;0,24;171,57;1,00;6,25;171,57
03/09/2026;24671 - 24671 ACQUA DISTRIBUIDORA DE PERFUMES E;14:00 - 14:59;413,78;0,57;223,45;3,00;18,75;137,93
03/09/2026;24671 - 24671 ACQUA DISTRIBUIDORA DE PERFUMES E;15:00 - 15:59;351,27;0,49;176,36;2,00;12,50;175,63
03/09/2026;24671 - 24671 ACQUA DISTRIBUIDORA DE PERFUMES E;16:00 - 16:59;418,41;0,58;223,81;2,00;12,50;209,20
03/09/2026;24671 - 24671 ACQUA DISTRIBUIDORA DE PERFUMES E;17:00 - 17:59;423,96;0,59;423,96;1,00;6,25;423,96
03/09/2026;24671 - 24671 ACQUA DISTRIBUIDORA DE PERFUMES E;18:00 - 18:59;336,75;0,47;270,59;2,00;12,50;168,37
04/09/2026;24671 - 24671 ACQUA DISTRIBUIDORA DE PERFUMES E;08:00 - 08:59;138,42;0,19;138,42;1,00;3,33;138,42
04/09/2026;24671 - 24671 ACQUA DISTRIBUIDORA DE PERFUMES E;09:00 - 09:59;451,15;0,62;182,52;4,00;13,33;112,79
04/09/2026;24671 - 24671 ACQUA DISTRIBUIDORA DE PERFUMES E;10:00 - 10:59;1440,68;1,99;515,27;6,00;20,00;240,11
04/09/2026;24671 - 24671 ACQUA DISTRIBUIDORA DE PERFUMES E;11:00 - 11:59;540,57;0,75;218,97;4,00;13,33;135,14
04/09/2026;24671 - 24671 ACQUA DISTRIBUIDORA DE PERFUMES E;12:00 - 12:59;1121,76;1,55;388,72;5,00;16,67;224,35
04/09/2026;24671 - 24671 ACQUA DISTRIBUIDORA DE PERFUMES E;13:00 - 13:59;295,61;0,41;295,61;1,00;3,33;295,61
04/09/2026;24671 - 24671 ACQUA DISTRIBUIDORA DE PERFUMES E;14:00 - 14:59;170,88;0,24;170,88;1,00;3,33;170,88
04/09/2026;24671 - 24671 ACQUA DISTRIBUIDORA DE PERFUMES E;16:00 - 16:59;1053,26;1,45;687,01;4,00;13,33;263,31
04/09/2026;24671 - 24671 ACQUA DISTRIBUIDORA DE PERFUMES E;17:00 - 17:59;474,08;0,65;462,18;2,00;6,67;237,04
04/09/2026;24671 - 24671 ACQUA DISTRIBUIDORA DE PERFUMES E;18:00 - 18:59;473,35;0,65;271,55;2,00;6,67;236,67
05/09/2026;24671 - 24671 ACQUA DISTRIBUIDORA DE PERFUMES E;08:00 - 08:59;111,12;0,15;111,12;1,00;5,56;111,12
05/09/2026;24671 - 24671 ACQUA DISTRIBUIDORA DE PERFUMES E;09:00 - 09:59;546,11;0,75;232,49;3,00;16,67;182,04
05/09/2026;24671 - 24671 ACQUA DISTRIBUIDORA DE PERFUMES E;10:00 - 10:59;546,08;0,75;149,17;4,00;22,22;136,52
05/09/2026;24671 - 24671 ACQUA DISTRIBUIDORA DE PERFUMES E;11:00 - 11:59;1524,71;2,11;319,48;8,00;44,44;190,59
05/09/2026;24671 - 24671 ACQUA DISTRIBUIDORA DE PERFUMES E;12:00 - 12:59;843,72;1,17;768,82;2,00;11,11;421,86
08/09/2026;24671 - 24671 ACQUA DISTRIBUIDORA DE PERFUMES E;08:00 - 08:59;215,47;0,30;215,47;1,00;5,56;215,47
08/09/2026;24671 - 24671 ACQUA DISTRIBUIDORA DE PERFUMES E;09:00 - 09:59;1032,93;1,43;657,09;3,00;16,67;344,31
08/09/2026;24671 - 24671 ACQUA DISTRIBUIDORA DE PERFUMES E;10:00 - 10:59;403,55;0,56;333,70;4,00;22,22;100,89
08/09/2026;24671 - 24671 ACQUA DISTRIBUIDORA DE PERFUMES E;11:00 - 11:59;2020,92;2,79;988,06;4,00;22,22;505,23
08/09/2026;24671 - 24671 ACQUA DISTRIBUIDORA DE PERFUMES E;12:00 - 12:59;204,00;0,28;204,00;1,00;5,56;204,00
08/09/2026;24671 - 24671 ACQUA DISTRIBUIDORA DE PERFUMES E;13:00 - 13:59;200,80;0,28;200,80;1,00;5,56;200,80
08/09/2026;24671 - 24671 ACQUA DISTRIBUIDORA DE PERFUMES E;16:00 - 16:59;262,38;0,36;179,91;2,00;11,11;131,19
08/09/2026;24671 - 24671 ACQUA DISTRIBUIDORA DE PERFUMES E;17:00 - 17:59;194,93;0,27;112,12;2,00;11,11;97,46
09/09/2026;24671 - 24671 ACQUA DISTRIBUIDORA DE PERFUMES E;08:00 - 08:59;867,04;1,20;458,61;2,00;8,70;433,52
09/09/2026;24671 - 24671 ACQUA DISTRIBUIDORA DE PERFUMES E;09:00 - 09:59;357,06;0,49;249,80;2,00;8,70;178,53
09/09/2026;24671 - 24671 ACQUA DISTRIBUIDORA DE PERFUMES E;10:00 - 10:59;1162,49;1,61;251,91;7,00;30,43;166,07
09/09/2026;24671 - 24671 ACQUA DISTRIBUIDORA DE PERFUMES E;11:00 - 11:59;498,22;0,69;498,22;1,00;4,35;498,22
09/09/2026;24671 - 24671 ACQUA DISTRIBUIDORA DE PERFUMES E;12:00 - 12:59;578,61;0,80;372,16;2,00;8,70;289,30
09/09/2026;24671 - 24671 ACQUA DISTRIBUIDORA DE PERFUMES E;15:00 - 15:59;860,37;1,19;495,66;3,00;13,04;286,79
09/09/2026;24671 - 24671 ACQUA DISTRIBUIDORA DE PERFUMES E;16:00 - 16:59;538,88;0,74;150,26;4,00;17,39;134,72
09/09/2026;24671 - 24671 ACQUA DISTRIBUIDORA DE PERFUMES E;17:00 - 17:59;233,69;0,32;119,38;2,00;8,70;116,84
10/09/2026;24671 - 24671 ACQUA DISTRIBUIDORA DE PERFUMES E;08:00 - 08:59;273,40;0,38;273,40;1,00;7,14;273,40
10/09/2026;24671 - 24671 ACQUA DISTRIBUIDORA DE PERFUMES E;10:00 - 10:59;527,85;0,73;289,40;3,00;21,43;175,95
10/09/2026;24671 - 24671 ACQUA DISTRIBUIDORA DE PERFUMES E;11:00 - 11:59;459,18;0,63;174,91;5,00;35,71;91,84
10/09/2026;24671 - 24671 ACQUA DISTRIBUIDORA DE PERFUMES E;14:00 - 14:59;153,25;0,21;153,25;1,00;7,14;153,25
10/09/2026;24671 - 24671 ACQUA DISTRIBUIDORA DE PERFUMES E;15:00 - 15:59;129,52;0,18;129,52;1,00;7,14;129,52
10/09/2026;24671 - 24671 ACQUA DISTRIBUIDORA DE PERFUMES E;16:00 - 16:59;453,45;0,63;234,15;2,00;14,29;226,72
10/09/2026;24671 - 24671 ACQUA DISTRIBUIDORA DE PERFUMES E;17:00 - 17:59;219,34;0,30;219,34;1,00;7,14;219,34
11/09/2026;24671 - 24671 ACQUA DISTRIBUIDORA DE PERFUMES E;09:00 - 09:59;159,20;0,22;159,20;1,00;5,88;159,20
11/09/2026;24671 - 24671 ACQUA DISTRIBUIDORA DE PERFUMES E;10:00 - 10:59;262,63;0,36;126,87;3,00;17,65;87,54
11/09/2026;24671 - 24671 ACQUA DISTRIBUIDORA DE PERFUMES E;11:00 - 11:59;536,69;0,74;233,80;3,00;17,65;178,90
11/09/2026;24671 - 24671 ACQUA DISTRIBUIDORA DE PERFUMES E;12:00 - 12:59;46,33;0,06;46,33;1,00;5,88;46,33
11/09/2026;24671 - 24671 ACQUA DISTRIBUIDORA DE PERFUMES E;13:00 - 13:59;462,86;0,64;262,91;2,00;11,76;231,43
11/09/2026;24671 - 24671 ACQUA DISTRIBUIDORA DE PERFUMES E;14:00 - 14:59;184,04;0,25;184,04;1,00;5,88;184,04
11/09/2026;24671 - 24671 ACQUA DISTRIBUIDORA DE PERFUMES E;15:00 - 15:59;135,63;0,19;135,63;1,00;5,88;135,63
11/09/2026;24671 - 24671 ACQUA DISTRIBUIDORA DE PERFUMES E;16:00 - 16:59;169,12;0,23;169,12;1,00;5,88;169,12
11/09/2026;24671 - 24671 ACQUA DISTRIBUIDORA DE PERFUMES E;17:00 - 17:59;760,86;1,05;255,12;4,00;23,53;190,21
12/09/2026;24671 - 24671 ACQUA DISTRIBUIDORA DE PERFUMES E;08:00 - 08:59;712,92;0,98;281,15;4,00;33,33;178,23
12/09/2026;24671 - 24671 ACQUA DISTRIBUIDORA DE PERFUMES E;09:00 - 09:59;761,39;1,05;404,85;4,00;33,33;190,35
12/09/2026;24671 - 24671 ACQUA DISTRIBUIDORA DE PERFUMES E;10:00 - 10:59;194,11;0,27;194,11;1,00;8,33;194,11
12/09/2026;24671 - 24671 ACQUA DISTRIBUIDORA DE PERFUMES E;11:00 - 11:59;736,41;1,02;487,90;3,00;25,00;245,47
14/09/2026;24671 - 24671 ACQUA DISTRIBUIDORA DE PERFUMES E;08:00 - 08:59;556,37;0,77;556,37;1,00;9,09;556,37
14/09/2026;24671 - 24671 ACQUA DISTRIBUIDORA DE PERFUMES E;13:00 - 13:59;238,70;0,33;140,90;2,00;18,18;119,35
14/09/2026;24671 - 24671 ACQUA DISTRIBUIDORA DE PERFUMES E;14:00 - 14:59;350,89;0,48;314,49;2,00;18,18;175,44
14/09/2026;24671 - 24671 ACQUA DISTRIBUIDORA DE PERFUMES E;15:00 - 15:59;273,33;0,38;210,53;2,00;18,18;136,66
14/09/2026;24671 - 24671 ACQUA DISTRIBUIDORA DE PERFUMES E;16:00 - 16:59;0,02;0,00;0,02;1,00;9,09;0,02
14/09/2026;24671 - 24671 ACQUA DISTRIBUIDORA DE PERFUMES E;17:00 - 17:59;123,02;0,17;123,02;1,00;9,09;123,02
14/09/2026;24671 - 24671 ACQUA DISTRIBUIDORA DE PERFUMES E;18:00 - 18:59;575,36;0,79;345,46;2,00;18,18;287,68
15/09/2026;24671 - 24671 ACQUA DISTRIBUIDORA DE PERFUMES E;08:00 - 08:59;971,64;1,34;319,24;5,00;6,76;194,33
15/09/2026;24671 - 24671 ACQUA DISTRIBUIDORA DE PERFUMES E;09:00 - 09:59;1715,29;2,37;633,54;8,00;10,81;214,41
15/09/2026;24671 - 24671 ACQUA DISTRIBUIDORA DE PERFUMES E;10:00 - 10:59;3803,42;5,25;620,04;12,00;16,22;316,95
15/09/2026;24671 - 24671 ACQUA DISTRIBUIDORA DE PERFUMES E;11:00 - 11:59;1175,14;1,62;329,52;5,00;6,76;235,03
15/09/2026;24671 - 24671 ACQUA DISTRIBUIDORA DE PERFUMES E;12:00 - 12:59;861,06;1,19;240,80;5,00;6,76;172,21
15/09/2026;24671 - 24671 ACQUA DISTRIBUIDORA DE PERFUMES E;13:00 - 13:59;1127,18;1,56;627,13;3,00;4,05;375,73
15/09/2026;24671 - 24671 ACQUA DISTRIBUIDORA DE PERFUMES E;14:00 - 14:59;2044,08;2,82;752,33;7,00;9,46;292,01
15/09/2026;24671 - 24671 ACQUA DISTRIBUIDORA DE PERFUMES E;15:00 - 15:59;2482,30;3,43;622,90;9,00;12,16;275,81
15/09/2026;24671 - 24671 ACQUA DISTRIBUIDORA DE PERFUMES E;16:00 - 16:59;1948,30;2,69;568,98;7,00;9,46;278,33
15/09/2026;24671 - 24671 ACQUA DISTRIBUIDORA DE PERFUMES E;17:00 - 17:59;1682,91;2,32;243,32;11,00;14,86;152,99
15/09/2026;24671 - 24671 ACQUA DISTRIBUIDORA DE PERFUMES E;18:00 - 18:59;365,92;0,51;248,22;2,00;2,70;182,96
17/09/2026;24671 - 24671 ACQUA DISTRIBUIDORA DE PERFUMES E;08:00 - 08:59;543,62;0,75;291,15;2,00;13,33;271,81
17/09/2026;24671 - 24671 ACQUA DISTRIBUIDORA DE PERFUMES E;09:00 - 09:59;230,79;0,32;230,79;1,00;6,67;230,79
17/09/2026;24671 - 24671 ACQUA DISTRIBUIDORA DE PERFUMES E;11:00 - 11:59;1596,07;2,20;1353,37;4,00;26,67;399,02
17/09/2026;24671 - 24671 ACQUA DISTRIBUIDORA DE PERFUMES E;12:00 - 12:59;119,90;0,17;119,90;1,00;6,67;119,90
17/09/2026;24671 - 24671 ACQUA DISTRIBUIDORA DE PERFUMES E;14:00 - 14:59;524,24;0,72;287,39;2,00;13,33;262,12
17/09/2026;24671 - 24671 ACQUA DISTRIBUIDORA DE PERFUMES E;15:00 - 15:59;189,40;0,26;189,40;1,00;6,67;189,40
17/09/2026;24671 - 24671 ACQUA DISTRIBUIDORA DE PERFUMES E;16:00 - 16:59;554,07;0,77;341,31;2,00;13,33;277,03
17/09/2026;24671 - 24671 ACQUA DISTRIBUIDORA DE PERFUMES E;17:00 - 17:59;569,82;0,79;352,92;2,00;13,33;284,91
18/09/2026;24671 - 24671 ACQUA DISTRIBUIDORA DE PERFUMES E;08:00 - 08:59;355,42;0,49;195,33;2,00;7,69;177,71
18/09/2026;24671 - 24671 ACQUA DISTRIBUIDORA DE PERFUMES E;09:00 - 09:59;85,41;0,12;85,41;1,00;3,85;85,41
18/09/2026;24671 - 24671 ACQUA DISTRIBUIDORA DE PERFUMES E;10:00 - 10:59;59,42;0,08;59,42;1,00;3,85;59,42
18/09/2026;24671 - 24671 ACQUA DISTRIBUIDORA DE PERFUMES E;11:00 - 11:59;430,76;0,59;288,83;3,00;11,54;143,59
18/09/2026;24671 - 24671 ACQUA DISTRIBUIDORA DE PERFUMES E;12:00 - 12:59;423,17;0,58;229,47;3,00;11,54;141,06
18/09/2026;24671 - 24671 ACQUA DISTRIBUIDORA DE PERFUMES E;13:00 - 13:59;214,56;0,30;214,56;1,00;3,85;214,56
18/09/2026;24671 - 24671 ACQUA DISTRIBUIDORA DE PERFUMES E;14:00 - 14:59;755,34;1,04;304,96;5,00;19,23;151,07
18/09/2026;24671 - 24671 ACQUA DISTRIBUIDORA DE PERFUMES E;15:00 - 15:59;330,47;0,46;206,34;2,00;7,69;165,23
18/09/2026;24671 - 24671 ACQUA DISTRIBUIDORA DE PERFUMES E;16:00 - 16:59;623,72;0,86;370,02;3,00;11,54;207,91
18/09/2026;24671 - 24671 ACQUA DISTRIBUIDORA DE PERFUMES E;17:00 - 17:59;581,71;0,80;199,00;4,00;15,38;145,43
18/09/2026;24671 - 24671 ACQUA DISTRIBUIDORA DE PERFUMES E;18:00 - 18:59;35,90;0,05;35,90;1,00;3,85;35,90
19/09/2026;24671 - 24671 ACQUA DISTRIBUIDORA DE PERFUMES E;08:00 - 08:59;126,06;0,17;126,06;1,00;20,00;126,06
19/09/2026;24671 - 24671 ACQUA DISTRIBUIDORA DE PERFUMES E;09:00 - 09:59;159,95;0,22;159,95;1,00;20,00;159,95
19/09/2026;24671 - 24671 ACQUA DISTRIBUIDORA DE PERFUMES E;10:00 - 10:59;377,19;0,52;304,84;2,00;40,00;188,59
19/09/2026;24671 - 24671 ACQUA DISTRIBUIDORA DE PERFUMES E;11:00 - 11:59;179,90;0,25;179,90;1,00;20,00;179,90
